id,value
SERPINA1.ALPHA1-PROTEINASE INHIBITOR HUMAN,1
SERPINA1.ALPHA1-PROTEINASE INHIBITOR HUMANIGMESINE,1
FLT3.4SC-203,1
FLT3.4SC-203FAMITINIB,4
FLT3.4SC-203FAMITINIBBMS-690514,2
FLT3.4SC-203FAMITINIBBMS-690514PACRITINIB,2
FLT3.4SC-203FAMITINIBBMS-690514PACRITINIBQUIZARTINIB,1
FLT3.4SC-203FAMITINIBBMS-690514PACRITINIBQUIZARTINIBZIDOVUDINE,1
FLT3.4SC-203FAMITINIBBMS-690514PACRITINIBQUIZARTINIBZIDOVUDINEKW-2449,3
FLT3.4SC-203FAMITINIBBMS-690514PACRITINIBQUIZARTINIBZIDOVUDINEKW-2449TAK-659,2
FLT3.4SC-203FAMITINIBBMS-690514PACRITINIBQUIZARTINIBZIDOVUDINEKW-2449TAK-659NINTEDANIB,2
FLT3.4SC-203FAMITINIBBMS-690514PACRITINIBQUIZARTINIBZIDOVUDINEKW-2449TAK-659NINTEDANIBIMC-EB10,1
FLT3.4SC-203FAMITINIBBMS-690514PACRITINIBQUIZARTINIBZIDOVUDINEKW-2449TAK-659NINTEDANIBIMC-EB10MIDOSTAURIN,2
FLT3.4SC-203FAMITINIBBMS-690514PACRITINIBQUIZARTINIBZIDOVUDINEKW-2449TAK-659NINTEDANIBIMC-EB10MIDOSTAURINPEXIDARTINIB,2
FLT3.4SC-203FAMITINIBBMS-690514PACRITINIBQUIZARTINIBZIDOVUDINEKW-2449TAK-659NINTEDANIBIMC-EB10MIDOSTAURINPEXIDARTINIBPONATINIB,4
FLT3.4SC-203FAMITINIBBMS-690514PACRITINIBQUIZARTINIBZIDOVUDINEKW-2449TAK-659NINTEDANIBIMC-EB10MIDOSTAURINPEXIDARTINIBPONATINIBGILTERITINIB,1
FLT3.4SC-203FAMITINIBBMS-690514PACRITINIBQUIZARTINIBZIDOVUDINEKW-2449TAK-659NINTEDANIBIMC-EB10MIDOSTAURINPEXIDARTINIBPONATINIBGILTERITINIBMK-2461,6
FLT3.4SC-203FAMITINIBBMS-690514PACRITINIBQUIZARTINIBZIDOVUDINEKW-2449TAK-659NINTEDANIBIMC-EB10MIDOSTAURINPEXIDARTINIBPONATINIBGILTERITINIBMK-2461LESTAURTINIB,1
CD80.ABATACEPT,2
CD80.ABATACEPTGALIXIMAB,1
CD80.ABATACEPTGALIXIMABVIAGENPUMATUCEL-L,2
CD86.ABATACEPT,2
ITGAV.ABITUZUMAB,1
ITGAV.ABITUZUMABIMGN-388,1
THBS1.ABT-510,1
CXCL8.ABX-IL8,1
CXCL8.ABX-IL8IBUPROFEN,4
PIK3CD.ACALISIB,1
PIK3CD.ACALISIBDUVELISIB,2
PIK3CD.ACALISIBDUVELISIBGS-9901,1
PIK3CD.ACALISIBDUVELISIBGS-9901UMBRALISIB TOSYLATE,2
PIK3CD.ACALISIBDUVELISIBGS-9901UMBRALISIB TOSYLATEBUPARLISIB,4
PIK3CD.ACALISIBDUVELISIBGS-9901UMBRALISIB TOSYLATEBUPARLISIBME-401,1
PIK3CD.ACALISIBDUVELISIBGS-9901UMBRALISIB TOSYLATEBUPARLISIBME-401IDELALISIB,1
PIK3CD.ACALISIBDUVELISIBGS-9901UMBRALISIB TOSYLATEBUPARLISIBME-401IDELALISIBPA-799,4
LTA4H.ACEBILUSTAT,1
STAT3.ACITRETIN,1
STAT3.ACITRETINATIPRIMOD,1
STAT3.ACITRETINATIPRIMODGOLOTIMOD,1
TF.ADEMETIONINE,1
ADAM10.ADERBASIB,2
VEGFB.AFLIBERCEPT,2
CD58.ALEFACEPT,1
GALT.ALGENPANTUCEL-L,1
ICAM1.ALICAFORSEN,1
ICAM1.ALICAFORSENBI-505,1
ICAM1.ALICAFORSENBI-505LIFITEGRAST,2
RXRA.ALITRETINOIN,2
RXRA.ALITRETINOINBEXAROTENE,1
RXRB.ALITRETINOIN,2
TEK.ALTIRATINIB,2
TEK.ALTIRATINIBCEP-11981,1
TEK.ALTIRATINIBCEP-11981RAZUPROTAFIB,1
TEK.ALTIRATINIBCEP-11981RAZUPROTAFIBREBASTINIB,2
PLAU.AMEDIPLASE,1
PLAU.AMEDIPLASEUROKINASE,1
PLAU.AMEDIPLASEUROKINASESARUPLASE,1
PLAU.AMEDIPLASEUROKINASESARUPLASEUPAMOSTAT,1
GLA.ANAMORELIN,1
GLA.ANAMORELINMALTOSE,1
GLA.ANAMORELINMALTOSEDUVOGLUSTAT,2
GLA.ANAMORELINMALTOSEDUVOGLUSTATMIGALASTAT,1
GLA.ANAMORELINMALTOSEDUVOGLUSTATMIGALASTATPEGUNIGALSIDASE ALFA,1
MMP9.ANDECALIXIMAB,1
MMP9.ANDECALIXIMABCURCUMIN,5
MMP9.ANDECALIXIMABCURCUMINTOZULERISTIDE,1
PTPRC.APAMISTAMAB IODINE I-131,1
HSPB1.APATORSEN,1
ADAM17.APRATASTAT,2
ADAM17.APRATASTATADERBASIB,2
MMP1.APRATASTAT,2
MMP1.APRATASTATMARIMASTAT,2
MMP1.APRATASTATMARIMASTATCIPEMASTAT,1
MMP1.APRATASTATMARIMASTATCIPEMASTATPRINOMASTAT,2
PDPK1.AR-12,1
CEACAM3.ARCITUMOMAB,1
MAPK12.ARRY-797,1
MAPK12.ARRY-797NEFLAMAPIMOD,3
MAPK12.ARRY-797NEFLAMAPIMODCI-1040,9
MAPK12.ARRY-797NEFLAMAPIMODCI-1040VALZIFLOCEPT,1
BIRC2.AT-406,2
BIRC2.AT-406BIRINAPANT,1
BIRC3.AT-406,2
C5AR1.AVACOPAN,1
KNG1.AVORALSTAT,1
KRAS.AZD-4785,1
PIK3CB.AZD-8186,2
PIK3CB.AZD-8186INK-1117,2
PIK3CB.AZD-8186INK-1117BIMIRALISIB,3
PIK3CB.AZD-8186INK-1117BIMIRALISIBBUPARLISIB,4
PIK3CB.AZD-8186INK-1117BIMIRALISIBBUPARLISIBPA-799,4
PIK3CB.AZD-8186INK-1117BIMIRALISIBBUPARLISIBPA-799GSK-2636771,1
PDE10A.BALIPODECT,1
PDE10A.BALIPODECTMARDEPODECT,1
CASP1.BELNACASAN,1
CASP1.BELNACASANNIVOCASAN,1
CASP1.BELNACASANNIVOCASANDIACEREIN,2
CASP1.BELNACASANNIVOCASANDIACEREINPRALNACASAN,1
ACLY.BEMPEDOIC ACID,1
IL5RA.BENRALIZUMAB,2
ABCC1.BENZBROMARONE,1
ABCC1.BENZBROMARONESULFINPYRAZONE,1
CCL11.BERTILIMUMAB,1
PTK2.BI-853520,1
PTK2.BI-853520PF-00562271,1
PTK2.BI-853520PF-00562271DEFACTINIB HYDROCHLORIDE,1
PTK2.BI-853520PF-00562271DEFACTINIB HYDROCHLORIDECEP-37440,1
PTK2.BI-853520PF-00562271DEFACTINIB HYDROCHLORIDECEP-37440GSK-2256098,1
PTK2.BI-853520PF-00562271DEFACTINIB HYDROCHLORIDECEP-37440GSK-2256098VS-4718,1
CCL2.BINDARIT,1
CCL2.BINDARITCARLUMAB,1
MAP2K7.BINIMETINIB,1
MAP2K7.BINIMETINIBRG-7420,1
GM2A.BIW-8962,1
AKT1.BMS-754807,1
AKT1.BMS-754807ARCHEXIN,1
AKT1.BMS-754807ARCHEXINENZASTAURIN,3
AKT1.BMS-754807ARCHEXINENZASTAURINMSC-2363318A,2
AKT1.BMS-754807ARCHEXINENZASTAURINMSC-2363318ACAPIVASERTIB,2
AKT1.BMS-754807ARCHEXINENZASTAURINMSC-2363318ACAPIVASERTIBCMX-2043,2
AKT1.BMS-754807ARCHEXINENZASTAURINMSC-2363318ACAPIVASERTIBCMX-2043CI-1040,9
AKT1.BMS-754807ARCHEXINENZASTAURINMSC-2363318ACAPIVASERTIBCMX-2043CI-1040CANERTINIB,3
AKT1.BMS-754807ARCHEXINENZASTAURINMSC-2363318ACAPIVASERTIBCMX-2043CI-1040CANERTINIBAFURESERTIB,2
AKT1.BMS-754807ARCHEXINENZASTAURINMSC-2363318ACAPIVASERTIBCMX-2043CI-1040CANERTINIBAFURESERTIBIPATASERTIB,1
CCR1.BMS-817399,1
CCR1.BMS-817399CCX354,1
TYK2.BREPOCITINIB,2
P2RY12.BRILINTA,1
P2RY12.BRILINTAREGRELOR DISODIUM,1
P2RY12.BRILINTAREGRELOR DISODIUMPRASUGREL,1
P2RY12.BRILINTAREGRELOR DISODIUMPRASUGRELELINOGREL,1
P2RY12.BRILINTAREGRELOR DISODIUMPRASUGRELELINOGRELCANGRELOR,1
P2RY12.BRILINTAREGRELOR DISODIUMPRASUGRELELINOGRELCANGRELORCLOPIDOGREL,1
FGF23.BUROSUMAB,1
PPP1CA.CANTHARIDIN,1
VWF.CAPLACIZUMAB,1
VCP.CB-5083,1
MAPKAPK2.CBP-501,2
MARK3.CBP-501,2
XPO1.CBS-9106,1
XPO1.CBS-9106SELINEXOR,1
CCR2.CCX140,1
CCR2.CCX140CENICRIVIROC,2
CCR2.CCX140CENICRIVIROCPIMAGEDINE,2
CCR2.CCX140CENICRIVIROCPIMAGEDINEMK-0812,1
CCR2.CCX140CENICRIVIROCPIMAGEDINEMK-0812AZD2423,1
CCR5.CENICRIVIROC,2
CCR5.CENICRIVIROCLERONLIMAB,1
CCR5.CENICRIVIROCLERONLIMABINCB-9471,1
CCR5.CENICRIVIROCLERONLIMABINCB-9471PF-232798,1
CCR5.CENICRIVIROCLERONLIMABINCB-9471PF-232798MARAVIROC,1
CCR5.CENICRIVIROCLERONLIMABINCB-9471PF-232798MARAVIROCVICRIVIROC,1
CCR5.CENICRIVIROCLERONLIMABINCB-9471PF-232798MARAVIROCVICRIVIROCCHEMBL207004,1
SYK.CERDULATINIB,3
SYK.CERDULATINIBTAK-659,2
SYK.CERDULATINIBTAK-659IMATINIB MESYLATE,2
SYK.CERDULATINIBTAK-659IMATINIB MESYLATEFOSTAMATINIB,1
SYK.CERDULATINIBTAK-659IMATINIB MESYLATEFOSTAMATINIBPRT-2607,1
SYK.CERDULATINIBTAK-659IMATINIB MESYLATEFOSTAMATINIBPRT-2607ENTOSPLETINIB,1
FASN.CERULENIN,1
FASN.CERULENINPRETOMANID,1
CYSLTR2.CHEMBL314115,1
CMA1.CHEMBL374027,2
CTSG.CHEMBL374027,2
PTPN6.CHEMBL472004,1
RPS6KA1.CHEMBL573107,3
RPS6KA2.CHEMBL573107,3
RPS6KA3.CHEMBL573107,3
MAPK1.CHIR-99021,2
MAPK1.CHIR-99021CI-1040,9
MAPK1.CHIR-99021CI-1040ULIXERTINIB,2
MAPK1.CHIR-99021CI-1040ULIXERTINIBRAVOXERTINIB,2
LCK.CI-1040,9
LCK.CI-1040TOZASERTIB,2
LCK.CI-1040TOZASERTIBJNJ-26483327,6
LCK.CI-1040TOZASERTIBJNJ-26483327DASATINIB,3
PRKCA.CI-1040,9
ADRB2.CLENBUTEROL,1
ADRB2.CLENBUTEROLBATEFENTEROL,1
ADRB2.CLENBUTEROLBATEFENTEROLPIRBUTEROL,1
ADRB2.CLENBUTEROLBATEFENTEROLPIRBUTEROLALBUTEROL,1
ADRB2.CLENBUTEROLBATEFENTEROLPIRBUTEROLALBUTEROLAZD3199,1
ADRB2.CLENBUTEROLBATEFENTEROLPIRBUTEROLALBUTEROLAZD3199LEVOSALBUTAMOL,1
ADRB2.CLENBUTEROLBATEFENTEROLPIRBUTEROLALBUTEROLAZD3199LEVOSALBUTAMOLSALMETEROL,1
ADRB2.CLENBUTEROLBATEFENTEROLPIRBUTEROLALBUTEROLAZD3199LEVOSALBUTAMOLSALMETEROLISOETHARINE,1
ADRB2.CLENBUTEROLBATEFENTEROLPIRBUTEROLALBUTEROLAZD3199LEVOSALBUTAMOLSALMETEROLISOETHARINEISOPROTERENOL,1
ADRB2.CLENBUTEROLBATEFENTEROLPIRBUTEROLALBUTEROLAZD3199LEVOSALBUTAMOLSALMETEROLISOETHARINEISOPROTERENOLOLODATEROL,1
ADRB2.CLENBUTEROLBATEFENTEROLPIRBUTEROLALBUTEROLAZD3199LEVOSALBUTAMOLSALMETEROLISOETHARINEISOPROTERENOLOLODATEROLTERBUTALINE,1
ADRB2.CLENBUTEROLBATEFENTEROLPIRBUTEROLALBUTEROLAZD3199LEVOSALBUTAMOLSALMETEROLISOETHARINEISOPROTERENOLOLODATEROLTERBUTALINECHEMBL111201,1
ADRB2.CLENBUTEROLBATEFENTEROLPIRBUTEROLALBUTEROLAZD3199LEVOSALBUTAMOLSALMETEROLISOETHARINEISOPROTERENOLOLODATEROLTERBUTALINECHEMBL111201ARFORMOTEROL,1
ADRB2.CLENBUTEROLBATEFENTEROLPIRBUTEROLALBUTEROLAZD3199LEVOSALBUTAMOLSALMETEROLISOETHARINEISOPROTERENOLOLODATEROLTERBUTALINECHEMBL111201ARFORMOTEROLBAMBUTEROL,1
ADRB2.CLENBUTEROLBATEFENTEROLPIRBUTEROLALBUTEROLAZD3199LEVOSALBUTAMOLSALMETEROLISOETHARINEISOPROTERENOLOLODATEROLTERBUTALINECHEMBL111201ARFORMOTEROLBAMBUTEROLFORMOTEROL,1
ADRB2.CLENBUTEROLBATEFENTEROLPIRBUTEROLALBUTEROLAZD3199LEVOSALBUTAMOLSALMETEROLISOETHARINEISOPROTERENOLOLODATEROLTERBUTALINECHEMBL111201ARFORMOTEROLBAMBUTEROLFORMOTEROLBEDORADRINE SULFATE,1
ADRB2.CLENBUTEROLBATEFENTEROLPIRBUTEROLALBUTEROLAZD3199LEVOSALBUTAMOLSALMETEROLISOETHARINEISOPROTERENOLOLODATEROLTERBUTALINECHEMBL111201ARFORMOTEROLBAMBUTEROLFORMOTEROLBEDORADRINE SULFATEBUCINDOLOL,1
ADRB2.CLENBUTEROLBATEFENTEROLPIRBUTEROLALBUTEROLAZD3199LEVOSALBUTAMOLSALMETEROLISOETHARINEISOPROTERENOLOLODATEROLTERBUTALINECHEMBL111201ARFORMOTEROLBAMBUTEROLFORMOTEROLBEDORADRINE SULFATEBUCINDOLOLPROCATEROL,1
ADRB2.CLENBUTEROLBATEFENTEROLPIRBUTEROLALBUTEROLAZD3199LEVOSALBUTAMOLSALMETEROLISOETHARINEISOPROTERENOLOLODATEROLTERBUTALINECHEMBL111201ARFORMOTEROLBAMBUTEROLFORMOTEROLBEDORADRINE SULFATEBUCINDOLOLPROCATEROLFENOTEROL,1
ADRB2.CLENBUTEROLBATEFENTEROLPIRBUTEROLALBUTEROLAZD3199LEVOSALBUTAMOLSALMETEROLISOETHARINEISOPROTERENOLOLODATEROLTERBUTALINECHEMBL111201ARFORMOTEROLBAMBUTEROLFORMOTEROLBEDORADRINE SULFATEBUCINDOLOLPROCATEROLFENOTEROLCARMOTEROL,1
ADRB2.CLENBUTEROLBATEFENTEROLPIRBUTEROLALBUTEROLAZD3199LEVOSALBUTAMOLSALMETEROLISOETHARINEISOPROTERENOLOLODATEROLTERBUTALINECHEMBL111201ARFORMOTEROLBAMBUTEROLFORMOTEROLBEDORADRINE SULFATEBUCINDOLOLPROCATEROLFENOTEROLCARMOTEROLRITODRINE,1
ADRB2.CLENBUTEROLBATEFENTEROLPIRBUTEROLALBUTEROLAZD3199LEVOSALBUTAMOLSALMETEROLISOETHARINEISOPROTERENOLOLODATEROLTERBUTALINECHEMBL111201ARFORMOTEROLBAMBUTEROLFORMOTEROLBEDORADRINE SULFATEBUCINDOLOLPROCATEROLFENOTEROLCARMOTEROLRITODRINEVILANTEROL,1
ADRB2.CLENBUTEROLBATEFENTEROLPIRBUTEROLALBUTEROLAZD3199LEVOSALBUTAMOLSALMETEROLISOETHARINEISOPROTERENOLOLODATEROLTERBUTALINECHEMBL111201ARFORMOTEROLBAMBUTEROLFORMOTEROLBEDORADRINE SULFATEBUCINDOLOLPROCATEROLFENOTEROLCARMOTEROLRITODRINEVILANTEROLINDACATEROL,1
LPL.CLOFIBRATE,1
LPL.CLOFIBRATEGEMFIBROZIL,1
LPL.CLOFIBRATEGEMFIBROZILIBROLIPIM,1
GCG.COTADUTIDE,1
GCG.COTADUTIDESAR425899,2
GCG.COTADUTIDESAR425899EFINOPEGDUTIDE,1
PDE2A.CP-461,1
PPP3CA.CYCLOSPORINE,1
PPP3CA.CYCLOSPORINEVOCLOSPORIN,1
PPP3CA.CYCLOSPORINEVOCLOSPORINPIMECROLIMUS,1
PPP3CA.CYCLOSPORINEVOCLOSPORINPIMECROLIMUSTACROLIMUS,1
F2.DABIGATRAN,1
F2.DABIGATRANANISINDIONE,1
F2.DABIGATRANANISINDIONECHEMBL1083499,1
F2.DABIGATRANANISINDIONECHEMBL1083499BIVALIRUDIN,1
F2.DABIGATRANANISINDIONECHEMBL1083499BIVALIRUDINPEGMUSIRUDIN,1
F2.DABIGATRANANISINDIONECHEMBL1083499BIVALIRUDINPEGMUSIRUDINAZD-8165,1
F2.DABIGATRANANISINDIONECHEMBL1083499BIVALIRUDINPEGMUSIRUDINAZD-8165ARGATROBAN,1
F2.DABIGATRANANISINDIONECHEMBL1083499BIVALIRUDINPEGMUSIRUDINAZD-8165ARGATROBANODIPARCIL,1
F2.DABIGATRANANISINDIONECHEMBL1083499BIVALIRUDINPEGMUSIRUDINAZD-8165ARGATROBANODIPARCILMELAGATRAN,2
F2.DABIGATRANANISINDIONECHEMBL1083499BIVALIRUDINPEGMUSIRUDINAZD-8165ARGATROBANODIPARCILMELAGATRANLEPIRUDIN,1
IL2.DACLIZUMAB,1
IL2.DACLIZUMABALDESLEUKIN,1
IL2.DACLIZUMABALDESLEUKINTHYMOCTONAN,1
CALCA.DALFAMPRIDINE,1
CALCA.DALFAMPRIDINEDIAZOXIDE,1
CALCA.DALFAMPRIDINEDIAZOXIDEBUDIODARONE,1
CALCA.DALFAMPRIDINEDIAZOXIDEBUDIODARONECHEMBL1563246,1
CALCA.DALFAMPRIDINEDIAZOXIDEBUDIODARONECHEMBL1563246AMIFAMPRIDINE,1
CALCA.DALFAMPRIDINEDIAZOXIDEBUDIODARONECHEMBL1563246AMIFAMPRIDINEDRONEDARONE,1
CALCA.DALFAMPRIDINEDIAZOXIDEBUDIODARONECHEMBL1563246AMIFAMPRIDINEDRONEDARONECHEMBL42661,1
CALCA.DALFAMPRIDINEDIAZOXIDEBUDIODARONECHEMBL1563246AMIFAMPRIDINEDRONEDARONECHEMBL42661CIZOLIRTINE,1
CALCA.DALFAMPRIDINEDIAZOXIDEBUDIODARONECHEMBL1563246AMIFAMPRIDINEDRONEDARONECHEMBL42661CIZOLIRTINEAZD7009,1
CALCA.DALFAMPRIDINEDIAZOXIDEBUDIODARONECHEMBL1563246AMIFAMPRIDINEDRONEDARONECHEMBL42661CIZOLIRTINEAZD7009AZIMILIDE,1
CALCA.DALFAMPRIDINEDIAZOXIDEBUDIODARONECHEMBL1563246AMIFAMPRIDINEDRONEDARONECHEMBL42661CIZOLIRTINEAZD7009AZIMILIDEAMIODARONE,1
CALCA.DALFAMPRIDINEDIAZOXIDEBUDIODARONECHEMBL1563246AMIFAMPRIDINEDRONEDARONECHEMBL42661CIZOLIRTINEAZD7009AZIMILIDEAMIODARONEIBUTILIDE,1
CALCA.DALFAMPRIDINEDIAZOXIDEBUDIODARONECHEMBL1563246AMIFAMPRIDINEDRONEDARONECHEMBL42661CIZOLIRTINEAZD7009AZIMILIDEAMIODARONEIBUTILIDEANDOLAST,1
CALCA.DALFAMPRIDINEDIAZOXIDEBUDIODARONECHEMBL1563246AMIFAMPRIDINEDRONEDARONECHEMBL42661CIZOLIRTINEAZD7009AZIMILIDEAMIODARONEIBUTILIDEANDOLASTNATEGLINIDE,1
CALCA.DALFAMPRIDINEDIAZOXIDEBUDIODARONECHEMBL1563246AMIFAMPRIDINEDRONEDARONECHEMBL42661CIZOLIRTINEAZD7009AZIMILIDEAMIODARONEIBUTILIDEANDOLASTNATEGLINIDEBIMAKALIM,1
CALCA.DALFAMPRIDINEDIAZOXIDEBUDIODARONECHEMBL1563246AMIFAMPRIDINEDRONEDARONECHEMBL42661CIZOLIRTINEAZD7009AZIMILIDEAMIODARONEIBUTILIDEANDOLASTNATEGLINIDEBIMAKALIMMINOXIDIL,1
CALCA.DALFAMPRIDINEDIAZOXIDEBUDIODARONECHEMBL1563246AMIFAMPRIDINEDRONEDARONECHEMBL42661CIZOLIRTINEAZD7009AZIMILIDEAMIODARONEIBUTILIDEANDOLASTNATEGLINIDEBIMAKALIMMINOXIDILPINACIDIL,1
CALCA.DALFAMPRIDINEDIAZOXIDEBUDIODARONECHEMBL1563246AMIFAMPRIDINEDRONEDARONECHEMBL42661CIZOLIRTINEAZD7009AZIMILIDEAMIODARONEIBUTILIDEANDOLASTNATEGLINIDEBIMAKALIMMINOXIDILPINACIDILDOFETILIDE,1
AURKB.DANUSERTIB,1
AURKB.DANUSERTIBBI-811283,1
AURKB.DANUSERTIBBI-811283ILORASERTIB,1
AURKB.DANUSERTIBBI-811283ILORASERTIBTAK-901,1
AURKB.DANUSERTIBBI-811283ILORASERTIBTAK-901MK-5108,1
AURKB.DANUSERTIBBI-811283ILORASERTIBTAK-901MK-5108AT-9283,1
AURKB.DANUSERTIBBI-811283ILORASERTIBTAK-901MK-5108AT-9283SNS-314,1
AURKB.DANUSERTIBBI-811283ILORASERTIBTAK-901MK-5108AT-9283SNS-314TOZASERTIB,2
AURKB.DANUSERTIBBI-811283ILORASERTIBTAK-901MK-5108AT-9283SNS-314TOZASERTIBGSK-1070916,1
AURKB.DANUSERTIBBI-811283ILORASERTIBTAK-901MK-5108AT-9283SNS-314TOZASERTIBGSK-1070916AZD-1152-HQPA,1
PPARD.DB959,2
PPARD.DB959CER-002,1
PPARD.DB959CER-002ELAFIBRANOR,1
PPARD.DB959CER-002ELAFIBRANORKD3010,1
PPARD.DB959CER-002ELAFIBRANORKD3010MBX-8025,1
PRKCD.DELCASERTIB,1
CD19.DENINTUZUMAB MAFODOTIN,1
CD19.DENINTUZUMAB MAFODOTINCOLTUXIMAB RAVTANSINE,1
CD19.DENINTUZUMAB MAFODOTINCOLTUXIMAB RAVTANSINETISAGENLECLEUCEL,2
CD19.DENINTUZUMAB MAFODOTINCOLTUXIMAB RAVTANSINETISAGENLECLEUCELDUVORTUXIZUMAB,1
CD19.DENINTUZUMAB MAFODOTINCOLTUXIMAB RAVTANSINETISAGENLECLEUCELDUVORTUXIZUMABTISAGENLECLEUCEL,2
CD19.DENINTUZUMAB MAFODOTINCOLTUXIMAB RAVTANSINETISAGENLECLEUCELDUVORTUXIZUMABTISAGENLECLEUCELLISOCABTAGENE MARALEUCEL,1
CD19.DENINTUZUMAB MAFODOTINCOLTUXIMAB RAVTANSINETISAGENLECLEUCELDUVORTUXIZUMABTISAGENLECLEUCELLISOCABTAGENE MARALEUCELMDX-1342,1
CD19.DENINTUZUMAB MAFODOTINCOLTUXIMAB RAVTANSINETISAGENLECLEUCELDUVORTUXIZUMABTISAGENLECLEUCELLISOCABTAGENE MARALEUCELMDX-1342BLINATUMOMAB,1
CD19.DENINTUZUMAB MAFODOTINCOLTUXIMAB RAVTANSINETISAGENLECLEUCELDUVORTUXIZUMABTISAGENLECLEUCELLISOCABTAGENE MARALEUCELMDX-1342BLINATUMOMABINEBILIZUMAB,1
CD19.DENINTUZUMAB MAFODOTINCOLTUXIMAB RAVTANSINETISAGENLECLEUCELDUVORTUXIZUMABTISAGENLECLEUCELLISOCABTAGENE MARALEUCELMDX-1342BLINATUMOMABINEBILIZUMABVADACABTAGENE LERALEUCEL,1
CD19.DENINTUZUMAB MAFODOTINCOLTUXIMAB RAVTANSINETISAGENLECLEUCELDUVORTUXIZUMABTISAGENLECLEUCELLISOCABTAGENE MARALEUCELMDX-1342BLINATUMOMABINEBILIZUMABVADACABTAGENE LERALEUCELAFM-11,1
P2RY2.DIQUAFOSOL,1
P2RY2.DIQUAFOSOLDENUFOSOL TETRASODIUM,1
HCK.DORAMAPIMOD,1
IGF1.DUSIGITUMAB,1
IGF1.DUSIGITUMABXENTUZUMAB,1
SQSTM1.DUSQUETIDE,1
ITGA2.E-7820,1
ITGAL.EFALIZUMAB,1
ITGAL.EFALIZUMABLIFITEGRAST,2
CXCL10.ELDELUMAB,1
CXCL10.ELDELUMABNI-0801,1
ERBB3.ELGEMTUMAB,1
ERBB3.ELGEMTUMABDULIGOTUZUMAB,2
ERBB3.ELGEMTUMABDULIGOTUZUMABAV-203,1
ERBB3.ELGEMTUMABDULIGOTUZUMABAV-203MM-121,1
ERBB3.ELGEMTUMABDULIGOTUZUMABAV-203MM-121PATRITUMAB,1
ERBB3.ELGEMTUMABDULIGOTUZUMABAV-203MM-121PATRITUMABISTIRATUMAB,3
ERBB3.ELGEMTUMABDULIGOTUZUMABAV-203MM-121PATRITUMABISTIRATUMABSERIBANTUMAB,1
GRIN1.ELIPRODIL,2
GRIN1.ELIPRODILNBQX,2
GRIN1.ELIPRODILNBQXCYCLOSERINE,1
GRIN1.ELIPRODILNBQXCYCLOSERINE(D)-SERINE,1
GALNS.ELOSULFASE ALFA,1
OPRD1.ELUXADOLINE,1
OPRD1.ELUXADOLINELOPERAMIDE,1
OPRD1.ELUXADOLINELOPERAMIDECARFENTANIL,1
OPRD1.ELUXADOLINELOPERAMIDECARFENTANILCHEMBL300662,1
OPRD1.ELUXADOLINELOPERAMIDECARFENTANILCHEMBL300662BUTORPHANOL,1
OPRD1.ELUXADOLINELOPERAMIDECARFENTANILCHEMBL300662BUTORPHANOLADL-5747,1
OPRD1.ELUXADOLINELOPERAMIDECARFENTANILCHEMBL300662BUTORPHANOLADL-5747CHEMBL13786,1
OPRD1.ELUXADOLINELOPERAMIDECARFENTANILCHEMBL300662BUTORPHANOLADL-5747CHEMBL13786HYDROMORPHONE,1
OPRD1.ELUXADOLINELOPERAMIDECARFENTANILCHEMBL300662BUTORPHANOLADL-5747CHEMBL13786HYDROMORPHONECODEINE,1
OPRD1.ELUXADOLINELOPERAMIDECARFENTANILCHEMBL300662BUTORPHANOLADL-5747CHEMBL13786HYDROMORPHONECODEINEOXYCODONE,1
CSF1.EMACTUZUMAB,1
IFNG.EMAPALUMAB,1
PRKCB.ENZASTAURIN,3
S100A12.EPTINEZUMAB,1
S100A12.EPTINEZUMABUBROGEPANT,1
S100A12.EPTINEZUMABUBROGEPANTRIMEGEPANT,1
S100A12.EPTINEZUMABUBROGEPANTRIMEGEPANTATOGEPANT,1
GPC3.ERY-974,1
GPC3.ERY-974CODRITUZUMAB,1
MTOR.EVEROLIMUS,1
MTOR.EVEROLIMUSCC-223,1
MTOR.EVEROLIMUSCC-223RG-7603,1
MTOR.EVEROLIMUSCC-223RG-7603GEDATOLISIB,2
MTOR.EVEROLIMUSCC-223RG-7603GEDATOLISIBSAMOTOLISIB,2
MTOR.EVEROLIMUSCC-223RG-7603GEDATOLISIBSAMOTOLISIBME-344,1
MTOR.EVEROLIMUSCC-223RG-7603GEDATOLISIBSAMOTOLISIBME-344SALIRASIB,2
MTOR.EVEROLIMUSCC-223RG-7603GEDATOLISIBSAMOTOLISIBME-344SALIRASIBBGT-226,2
MTOR.EVEROLIMUSCC-223RG-7603GEDATOLISIBSAMOTOLISIBME-344SALIRASIBBGT-226OSI-027,1
MTOR.EVEROLIMUSCC-223RG-7603GEDATOLISIBSAMOTOLISIBME-344SALIRASIBBGT-226OSI-027VS-5584,2
MTOR.EVEROLIMUSCC-223RG-7603GEDATOLISIBSAMOTOLISIBME-344SALIRASIBBGT-226OSI-027VS-5584DS-7423,2
MTOR.EVEROLIMUSCC-223RG-7603GEDATOLISIBSAMOTOLISIBME-344SALIRASIBBGT-226OSI-027VS-5584DS-7423PF-04691502,2
MTOR.EVEROLIMUSCC-223RG-7603GEDATOLISIBSAMOTOLISIBME-344SALIRASIBBGT-226OSI-027VS-5584DS-7423PF-04691502BIMIRALISIB,3
MTOR.EVEROLIMUSCC-223RG-7603GEDATOLISIBSAMOTOLISIBME-344SALIRASIBBGT-226OSI-027VS-5584DS-7423PF-04691502BIMIRALISIBTEMSIROLIMUS,1
MTOR.EVEROLIMUSCC-223RG-7603GEDATOLISIBSAMOTOLISIBME-344SALIRASIBBGT-226OSI-027VS-5584DS-7423PF-04691502BIMIRALISIBTEMSIROLIMUSSIROLIMUS,1
MTOR.EVEROLIMUSCC-223RG-7603GEDATOLISIBSAMOTOLISIBME-344SALIRASIBBGT-226OSI-027VS-5584DS-7423PF-04691502BIMIRALISIBTEMSIROLIMUSSIROLIMUSZOTAROLIMUS,1
MTOR.EVEROLIMUSCC-223RG-7603GEDATOLISIBSAMOTOLISIBME-344SALIRASIBBGT-226OSI-027VS-5584DS-7423PF-04691502BIMIRALISIBTEMSIROLIMUSSIROLIMUSZOTAROLIMUSISTIRATUMAB,3
MTOR.EVEROLIMUSCC-223RG-7603GEDATOLISIBSAMOTOLISIBME-344SALIRASIBBGT-226OSI-027VS-5584DS-7423PF-04691502BIMIRALISIBTEMSIROLIMUSSIROLIMUSZOTAROLIMUSISTIRATUMABRIDAFOROLIMUS,1
MTOR.EVEROLIMUSCC-223RG-7603GEDATOLISIBSAMOTOLISIBME-344SALIRASIBBGT-226OSI-027VS-5584DS-7423PF-04691502BIMIRALISIBTEMSIROLIMUSSIROLIMUSZOTAROLIMUSISTIRATUMABRIDAFOROLIMUSVISTUSERTIB,1
MTOR.EVEROLIMUSCC-223RG-7603GEDATOLISIBSAMOTOLISIBME-344SALIRASIBBGT-226OSI-027VS-5584DS-7423PF-04691502BIMIRALISIBTEMSIROLIMUSSIROLIMUSZOTAROLIMUSISTIRATUMABRIDAFOROLIMUSVISTUSERTIBBERZOSERTIB,2
MTOR.EVEROLIMUSCC-223RG-7603GEDATOLISIBSAMOTOLISIBME-344SALIRASIBBGT-226OSI-027VS-5584DS-7423PF-04691502BIMIRALISIBTEMSIROLIMUSSIROLIMUSZOTAROLIMUSISTIRATUMABRIDAFOROLIMUSVISTUSERTIBBERZOSERTIBVOXTALISIB,2
MTOR.EVEROLIMUSCC-223RG-7603GEDATOLISIBSAMOTOLISIBME-344SALIRASIBBGT-226OSI-027VS-5584DS-7423PF-04691502BIMIRALISIBTEMSIROLIMUSSIROLIMUSZOTAROLIMUSISTIRATUMABRIDAFOROLIMUSVISTUSERTIBBERZOSERTIBVOXTALISIBSAPANISERTIB,1
MTOR.EVEROLIMUSCC-223RG-7603GEDATOLISIBSAMOTOLISIBME-344SALIRASIBBGT-226OSI-027VS-5584DS-7423PF-04691502BIMIRALISIBTEMSIROLIMUSSIROLIMUSZOTAROLIMUSISTIRATUMABRIDAFOROLIMUSVISTUSERTIBBERZOSERTIBVOXTALISIBSAPANISERTIBGLASDEGIB,1
MTOR.EVEROLIMUSCC-223RG-7603GEDATOLISIBSAMOTOLISIBME-344SALIRASIBBGT-226OSI-027VS-5584DS-7423PF-04691502BIMIRALISIBTEMSIROLIMUSSIROLIMUSZOTAROLIMUSISTIRATUMABRIDAFOROLIMUSVISTUSERTIBBERZOSERTIBVOXTALISIBSAPANISERTIBGLASDEGIBDACTOLISIB,2
GSTP1.EZATIOSTAT,1
GSTP1.EZATIOSTATCANFOSFAMIDE,1
KIT.FAMITINIB,4
KIT.FAMITINIBAMG-191,1
KIT.FAMITINIBAMG-191AVAPRITINIB,2
KIT.FAMITINIBAMG-191AVAPRITINIBOSI-930,1
KIT.FAMITINIBAMG-191AVAPRITINIBOSI-930XL-820,3
KIT.FAMITINIBAMG-191AVAPRITINIBOSI-930XL-820ROMIPLOSTIM,5
KIT.FAMITINIBAMG-191AVAPRITINIBOSI-930XL-820ROMIPLOSTIMIMATINIB MESYLATE,2
KIT.FAMITINIBAMG-191AVAPRITINIBOSI-930XL-820ROMIPLOSTIMIMATINIB MESYLATEPEXIDARTINIB,2
KIT.FAMITINIBAMG-191AVAPRITINIBOSI-930XL-820ROMIPLOSTIMIMATINIB MESYLATEPEXIDARTINIBPONATINIB,4
KIT.FAMITINIBAMG-191AVAPRITINIBOSI-930XL-820ROMIPLOSTIMIMATINIB MESYLATEPEXIDARTINIBPONATINIBRIPRETINIB,2
KIT.FAMITINIBAMG-191AVAPRITINIBOSI-930XL-820ROMIPLOSTIMIMATINIB MESYLATEPEXIDARTINIBPONATINIBRIPRETINIBREGORAFENIB,2
KIT.FAMITINIBAMG-191AVAPRITINIBOSI-930XL-820ROMIPLOSTIMIMATINIB MESYLATEPEXIDARTINIBPONATINIBRIPRETINIBREGORAFENIBIMATINIB,1
KIT.FAMITINIBAMG-191AVAPRITINIBOSI-930XL-820ROMIPLOSTIMIMATINIB MESYLATEPEXIDARTINIBPONATINIBRIPRETINIBREGORAFENIBIMATINIBSORAFENIB,3
PDGFRA.FAMITINIB,4
PDGFRA.FAMITINIBOLARATUMAB,1
PDGFRA.FAMITINIBOLARATUMABCRENOLANIB,2
PDGFRA.FAMITINIBOLARATUMABCRENOLANIBAVAPRITINIB,2
PDGFRA.FAMITINIBOLARATUMABCRENOLANIBAVAPRITINIBXL-820,3
PDGFRA.FAMITINIBOLARATUMABCRENOLANIBAVAPRITINIBXL-820RABEPRAZOLE SODIUM,5
PDGFRA.FAMITINIBOLARATUMABCRENOLANIBAVAPRITINIBXL-820RABEPRAZOLE SODIUMROMIPLOSTIM,5
PDGFRA.FAMITINIBOLARATUMABCRENOLANIBAVAPRITINIBXL-820RABEPRAZOLE SODIUMROMIPLOSTIMRIPRETINIB,2
PDGFRA.FAMITINIBOLARATUMABCRENOLANIBAVAPRITINIBXL-820RABEPRAZOLE SODIUMROMIPLOSTIMRIPRETINIBTOVETUMAB,1
PDGFRB.FAMITINIB,4
PDGFRB.FAMITINIBTAK-593,1
PDGFRB.FAMITINIBTAK-593BECAPLERMIN,1
PDGFRB.FAMITINIBTAK-593BECAPLERMINXL-820,3
PDGFRB.FAMITINIBTAK-593BECAPLERMINXL-820RABEPRAZOLE SODIUM,5
PDGFRB.FAMITINIBTAK-593BECAPLERMINXL-820RABEPRAZOLE SODIUMROMIPLOSTIM,5
PDGFRB.FAMITINIBTAK-593BECAPLERMINXL-820RABEPRAZOLE SODIUMROMIPLOSTIMMK-2461,6
PDGFRB.FAMITINIBTAK-593BECAPLERMINXL-820RABEPRAZOLE SODIUMROMIPLOSTIMMK-2461SORAFENIB,3
FFAR1.FASIGLIFAM,1
FFAR1.FASIGLIFAMLY2881835,1
FGFR1.FIBROBLAST GROWTH FACTOR-1,1
FGFR1.FIBROBLAST GROWTH FACTOR-1SURUFATINIB,1
FGFR1.FIBROBLAST GROWTH FACTOR-1SURUFATINIBFP-1039,1
FGFR1.FIBROBLAST GROWTH FACTOR-1SURUFATINIBFP-1039DERAZANTINIB,1
FGFR1.FIBROBLAST GROWTH FACTOR-1SURUFATINIBFP-1039DERAZANTINIBKW-2449,3
FGFR1.FIBROBLAST GROWTH FACTOR-1SURUFATINIBFP-1039DERAZANTINIBKW-2449NINTEDANIB,2
FGFR1.FIBROBLAST GROWTH FACTOR-1SURUFATINIBFP-1039DERAZANTINIBKW-2449NINTEDANIBRABEPRAZOLE SODIUM,5
FGFR1.FIBROBLAST GROWTH FACTOR-1SURUFATINIBFP-1039DERAZANTINIBKW-2449NINTEDANIBRABEPRAZOLE SODIUMROMIPLOSTIM,5
FGFR1.FIBROBLAST GROWTH FACTOR-1SURUFATINIBFP-1039DERAZANTINIBKW-2449NINTEDANIBRABEPRAZOLE SODIUMROMIPLOSTIMCHEMBL459729,2
FGFR1.FIBROBLAST GROWTH FACTOR-1SURUFATINIBFP-1039DERAZANTINIBKW-2449NINTEDANIBRABEPRAZOLE SODIUMROMIPLOSTIMCHEMBL459729INFIGRATINIB,1
FGFR1.FIBROBLAST GROWTH FACTOR-1SURUFATINIBFP-1039DERAZANTINIBKW-2449NINTEDANIBRABEPRAZOLE SODIUMROMIPLOSTIMCHEMBL459729INFIGRATINIBMK-2461,6
FGFR1.FIBROBLAST GROWTH FACTOR-1SURUFATINIBFP-1039DERAZANTINIBKW-2449NINTEDANIBRABEPRAZOLE SODIUMROMIPLOSTIMCHEMBL459729INFIGRATINIBMK-2461ERDAFITINIB,1
ABL1.FLUMATINIB,1
ABL1.FLUMATINIBSARACATINIB,2
ABL1.FLUMATINIBSARACATINIBKW-2449,3
ABL1.FLUMATINIBSARACATINIBKW-2449BOSUTINIB,2
ABL1.FLUMATINIBSARACATINIBKW-2449BOSUTINIBCHEMBL219557,3
ABL1.FLUMATINIBSARACATINIBKW-2449BOSUTINIBCHEMBL219557REBASTINIB,2
ABL1.FLUMATINIBSARACATINIBKW-2449BOSUTINIBCHEMBL219557REBASTINIBPONATINIB,4
SMAD3.FLUORESCEIN,1
ADH1A.FOMEPIZOLE,1
PNP.FORODESINE,1
PNP.FORODESINEGUANOSINE,1
PNP.FORODESINEGUANOSINEPELDESINE,1
PNP.FORODESINEGUANOSINEPELDESINEULODESINE,1
MME.GALLOPAMIL,1
MME.GALLOPAMILCANDOXATRIL,1
MME.GALLOPAMILCANDOXATRILSAMPATRILAT,1
MME.GALLOPAMILCANDOXATRILSAMPATRILATSLV-334,1
MME.GALLOPAMILCANDOXATRILSAMPATRILATSLV-334PEPINEMAB,1
MME.GALLOPAMILCANDOXATRILSAMPATRILATSLV-334PEPINEMABLCZ696,1
ARSB.GALSULFASE,1
IL1B.GLUCOSAMINE,1
IL1B.GLUCOSAMINERILONACEPT,1
IL1B.GLUCOSAMINERILONACEPTCANAKINUMAB,1
IL1B.GLUCOSAMINERILONACEPTCANAKINUMABTT-301,1
IL1B.GLUCOSAMINERILONACEPTCANAKINUMABTT-301DIACEREIN,2
IL1B.GLUCOSAMINERILONACEPTCANAKINUMABTT-301DIACEREINIBUDILAST,2
IL1B.GLUCOSAMINERILONACEPTCANAKINUMABTT-301DIACEREINIBUDILASTCELASTROL,2
CCL20.GSK-3050002,1
NOS2.GW-274150,1
NOS2.GW-274150CURCUMIN,5
NOS2.GW-274150CURCUMINPIMAGEDINE,2
NOS2.GW-274150CURCUMINPIMAGEDINEALT-2074,1
DYRK3.HARMINE,2
DGAT1.HESPERETIN,1
DGAT1.HESPERETINAZD-7687,1
MUC1.HUHMFG1,1
MUC1.HUHMFG1SAR-566658,1
MUC1.HUHMFG1SAR-566658GO-203-2C,1
MUC1.HUHMFG1SAR-566658GO-203-2CEMEPEPIMUT-S,1
MUT.HYDROXOCOBALAMIN,1
CD4.IBALIZUMAB,1
CD4.IBALIZUMABTREGALIZUMAB,1
CD4.IBALIZUMABTREGALIZUMABZANOLIMUMAB,1
BTK.IBRUTINIB,1
BTK.IBRUTINIBZANUBRUTINIB,1
BTK.IBRUTINIBZANUBRUTINIBBMS-986142,1
BTK.IBRUTINIBZANUBRUTINIBBMS-986142ACALABRUTINIB,1
BTK.IBRUTINIBZANUBRUTINIBBMS-986142ACALABRUTINIBTIRABRUTINIB,1
BTK.IBRUTINIBZANUBRUTINIBBMS-986142ACALABRUTINIBTIRABRUTINIBFENEBRUTINIB,1
BTK.IBRUTINIBZANUBRUTINIBBMS-986142ACALABRUTINIBTIRABRUTINIBFENEBRUTINIBSPEBRUTINIB BESYLATE,1
BTK.IBRUTINIBZANUBRUTINIBBMS-986142ACALABRUTINIBTIRABRUTINIBFENEBRUTINIBSPEBRUTINIB BESYLATEVECABRUTINIB,1
CXCR2.IBUPROFEN,4
CXCR2.IBUPROFENNAVARIXIN,2
CXCR2.IBUPROFENNAVARIXINDANIRIXIN,1
CXCR2.IBUPROFENNAVARIXINDANIRIXINELUBRIXIN,1
CXCR2.IBUPROFENNAVARIXINDANIRIXINELUBRIXINCLOTRIMAZOLE,1
CXCR2.IBUPROFENNAVARIXINDANIRIXINELUBRIXINCLOTRIMAZOLEREPARIXIN,2
CXCR1.IBUPROFEN,4
CXCR1.IBUPROFENNAVARIXIN,2
CXCR1.IBUPROFENNAVARIXINREPARIXIN,2
CD14.IC14,1
IKBKB.IMD-0354,1
IKBKB.IMD-0354PARTHENOLIDE,2
IKBKB.IMD-0354PARTHENOLIDESTAUROSPORINE,1
IKBKB.IMD-0354PARTHENOLIDESTAUROSPORINEIMD-1041,1
IKBKB.IMD-0354PARTHENOLIDESTAUROSPORINEIMD-1041SAR-113945,1
NOD2.INARIGIVIR SOPROXIL,1
SDC1.INDATUXIMAB RAVTANSINE,1
ALB.IODIPAMIDE,1
ALB.IODIPAMIDEOXYPHENBUTAZONE,1
ALB.IODIPAMIDEOXYPHENBUTAZONEEBSELEN,1
ALB.IODIPAMIDEOXYPHENBUTAZONEEBSELENGADOFOSVESET,1
MAPK8.IT-139,2
MAPK8.IT-139CI-1040,9
MAPK8.IT-139CI-1040TANZISERTIB,1
MAPK8.IT-139CI-1040TANZISERTIBCC-401,1
HSPA5.IT-139,2
JAK1.ITACITINIB,2
JAK1.ITACITINIBCERDULATINIB,3
JAK1.ITACITINIBCERDULATINIBSOLCITINIB,1
JAK1.ITACITINIBCERDULATINIBSOLCITINIBFILGOTINIB,1
JAK1.ITACITINIBCERDULATINIBSOLCITINIBFILGOTINIBBREPOCITINIB,2
JAK1.ITACITINIBCERDULATINIBSOLCITINIBFILGOTINIBBREPOCITINIBUPADACITINIB,2
JAK1.ITACITINIBCERDULATINIBSOLCITINIBFILGOTINIBBREPOCITINIBUPADACITINIBRUXOLITINIB,3
JAK1.ITACITINIBCERDULATINIBSOLCITINIBFILGOTINIBBREPOCITINIBUPADACITINIBRUXOLITINIBBARICITINIB,3
JAK1.ITACITINIBCERDULATINIBSOLCITINIBFILGOTINIBBREPOCITINIBUPADACITINIBRUXOLITINIBBARICITINIBPEFICITINIB,2
IDH1.IVOSIDENIB,1
LYN.JNJ-26483327,6
LYN.JNJ-26483327BAFETINIB,1
FYN.JNJ-26483327,6
FYN.JNJ-26483327DASATINIB,3
YES1.JNJ-26483327,6
CDK1.KENPAULLONE,2
CDK1.KENPAULLONERGB-286638,1
CDK1.KENPAULLONERGB-286638CHIR-99021,2
CDK1.KENPAULLONERGB-286638CHIR-99021RIVICICLIB,1
CDK1.KENPAULLONERGB-286638CHIR-99021RIVICICLIBPHA-793887,1
CDK1.KENPAULLONERGB-286638CHIR-99021RIVICICLIBPHA-793887AG-24322,1
CDK1.KENPAULLONERGB-286638CHIR-99021RIVICICLIBPHA-793887AG-24322SELICICLIB,1
CDK5.KENPAULLONE,2
HBEGF.KHK-2866,1
SRC.KX2-361,1
SRC.KX2-361CRENOLANIB,2
SRC.KX2-361CRENOLANIBSARACATINIB,2
SRC.KX2-361CRENOLANIBSARACATINIBBOSUTINIB,2
SRC.KX2-361CRENOLANIBSARACATINIBBOSUTINIBCHEMBL219557,3
SRC.KX2-361CRENOLANIBSARACATINIBBOSUTINIBCHEMBL219557ANLOTINIB,1
SRC.KX2-361CRENOLANIBSARACATINIBBOSUTINIBCHEMBL219557ANLOTINIBDASATINIB,3
SRC.KX2-361CRENOLANIBSARACATINIBBOSUTINIBCHEMBL219557ANLOTINIBDASATINIBMASITINIB,2
TBXA2R.LAROPIPRANT,2
TBXA2R.LAROPIPRANTRAMATROBAN,1
TBXA2R.LAROPIPRANTRAMATROBANALPROSTADIL,1
TBXA2R.LAROPIPRANTRAMATROBANALPROSTADILRIDOGREL,1
CYP26A1.LIAROZOLE,1
CYP26A1.LIAROZOLETALAROZOLE,1
GDNF.LIATERMIN,1
GLP1R.LIRAGLUTIDE,1
GLP1R.LIRAGLUTIDETASPOGLUTIDE,1
GLP1R.LIRAGLUTIDETASPOGLUTIDEALBIGLUTIDE,1
GLP1R.LIRAGLUTIDETASPOGLUTIDEALBIGLUTIDESEMAGLUTIDE,1
GLP1R.LIRAGLUTIDETASPOGLUTIDEALBIGLUTIDESEMAGLUTIDEDULAGLUTIDE,1
GLP1R.LIRAGLUTIDETASPOGLUTIDEALBIGLUTIDESEMAGLUTIDEDULAGLUTIDELIXISENATIDE,1
GLP1R.LIRAGLUTIDETASPOGLUTIDEALBIGLUTIDESEMAGLUTIDEDULAGLUTIDELIXISENATIDEEXENATIDE,1
GLP1R.LIRAGLUTIDETASPOGLUTIDEALBIGLUTIDESEMAGLUTIDEDULAGLUTIDELIXISENATIDEEXENATIDEPEGAPAMODUTIDE,1
GLP1R.LIRAGLUTIDETASPOGLUTIDEALBIGLUTIDESEMAGLUTIDEDULAGLUTIDELIXISENATIDEEXENATIDEPEGAPAMODUTIDESAR425899,2
GLP1R.LIRAGLUTIDETASPOGLUTIDEALBIGLUTIDESEMAGLUTIDEDULAGLUTIDELIXISENATIDEEXENATIDEPEGAPAMODUTIDESAR425899PRAMLINTIDE,1
GLP1R.LIRAGLUTIDETASPOGLUTIDEALBIGLUTIDESEMAGLUTIDEDULAGLUTIDELIXISENATIDEEXENATIDEPEGAPAMODUTIDESAR425899PRAMLINTIDEGLP-1,1
IL2RA.LMB-2,1
IL2RA.LMB-2INOLIMOMAB,1
IL2RA.LMB-2INOLIMOMABBASILIXIMAB,1
TP53.LONTUCIREV (REPLICATING ADENOVIRUS),1
TP53.LONTUCIREV (REPLICATING ADENOVIRUS)SAR-405838,1
TP53.LONTUCIREV (REPLICATING ADENOVIRUS)SAR-405838TEPRASIRAN,1
TP53.LONTUCIREV (REPLICATING ADENOVIRUS)SAR-405838TEPRASIRANAPR-246,1
TP53.LONTUCIREV (REPLICATING ADENOVIRUS)SAR-405838TEPRASIRANAPR-246ALT-801,1
TP53.LONTUCIREV (REPLICATING ADENOVIRUS)SAR-405838TEPRASIRANAPR-246ALT-8014-ISOTHIOUREIDOBUTYRONITRILE,1
TP53.LONTUCIREV (REPLICATING ADENOVIRUS)SAR-405838TEPRASIRANAPR-246ALT-8014-ISOTHIOUREIDOBUTYRONITRILECGM-097,1
FCER2.LUMILIXIMAB,1
HSP90AA1.LUMINESPIB,1
HSP90AA1.LUMINESPIBTANESPIMYCIN,1
HSP90AA1.LUMINESPIBTANESPIMYCINAMLEXANOX,1
HSP90AA1.LUMINESPIBTANESPIMYCINAMLEXANOXBIIB021,1
HSP90AA1.LUMINESPIBTANESPIMYCINAMLEXANOXBIIB021KW-2478,1
HSP90AA1.LUMINESPIBTANESPIMYCINAMLEXANOXBIIB021KW-2478EFUNGUMAB,1
HSP90AA1.LUMINESPIBTANESPIMYCINAMLEXANOXBIIB021KW-2478EFUNGUMABCHEMBL553939,2
HLA-DRB1.LYM-1,1
CD47.MAGROLIMAB,1
CD47.MAGROLIMABALX-148,1
MMP2.MARIMASTAT,2
MMP2.MARIMASTATPRINOMASTAT,2
MMP2.MARIMASTATPRINOMASTATINCYCLINIDE,1
IGF1R.MECASERMIN,1
IGF1R.MECASERMINCIXUTUMUMAB,1
IGF1R.MECASERMINCIXUTUMUMABTEPROTUMUMAB,1
IGF1R.MECASERMINCIXUTUMUMABTEPROTUMUMABRINFABATE,1
IGF1R.MECASERMINCIXUTUMUMABTEPROTUMUMABRINFABATEAEW-541,1
IGF1R.MECASERMINCIXUTUMUMABTEPROTUMUMABRINFABATEAEW-541ISTIRATUMAB,3
IGF1R.MECASERMINCIXUTUMUMABTEPROTUMUMABRINFABATEAEW-541ISTIRATUMABAXL-1717,1
IGF1R.MECASERMINCIXUTUMUMABTEPROTUMUMABRINFABATEAEW-541ISTIRATUMABAXL-1717CHEMBL459729,2
IGF1R.MECASERMINCIXUTUMUMABTEPROTUMUMABRINFABATEAEW-541ISTIRATUMABAXL-1717CHEMBL459729LINSITINIB,1
PRKCE.MEPROBAMATE,1
CA1.METHAZOLAMIDE,1
CA1.METHAZOLAMIDECURCUMIN,5
CA1.METHAZOLAMIDECURCUMINDICHLORPHENAMIDE,1
CA1.METHAZOLAMIDECURCUMINDICHLORPHENAMIDESULFAMIDE,1
CA1.METHAZOLAMIDECURCUMINDICHLORPHENAMIDESULFAMIDEACETAZOLAMIDE,1
CA1.METHAZOLAMIDECURCUMINDICHLORPHENAMIDESULFAMIDEACETAZOLAMIDEETHOXZOLAMIDE,1
CA1.METHAZOLAMIDECURCUMINDICHLORPHENAMIDESULFAMIDEACETAZOLAMIDEETHOXZOLAMIDEPARABEN,1
CA1.METHAZOLAMIDECURCUMINDICHLORPHENAMIDESULFAMIDEACETAZOLAMIDEETHOXZOLAMIDEPARABENPHENOL,1
CA1.METHAZOLAMIDECURCUMINDICHLORPHENAMIDESULFAMIDEACETAZOLAMIDEETHOXZOLAMIDEPARABENPHENOLPOLMACOXIB,2
PRKCG.MIDOSTAURIN,2
MET.MK-8033,1
MET.MK-8033ALTIRATINIB,2
MET.MK-8033ALTIRATINIBSAVOLITINIB,1
MET.MK-8033ALTIRATINIBSAVOLITINIBTELISOTUZUMAB,1
MET.MK-8033ALTIRATINIBSAVOLITINIBTELISOTUZUMABCABOZANTINIB,1
MET.MK-8033ALTIRATINIBSAVOLITINIBTELISOTUZUMABCABOZANTINIBBMS-777607,1
MET.MK-8033ALTIRATINIBSAVOLITINIBTELISOTUZUMABCABOZANTINIBBMS-777607CMX-2043,2
MET.MK-8033ALTIRATINIBSAVOLITINIBTELISOTUZUMABCABOZANTINIBBMS-777607CMX-2043EMIBETUZUMAB,1
MET.MK-8033ALTIRATINIBSAVOLITINIBTELISOTUZUMABCABOZANTINIBBMS-777607CMX-2043EMIBETUZUMABTIVANTINIB,1
MET.MK-8033ALTIRATINIBSAVOLITINIBTELISOTUZUMABCABOZANTINIBBMS-777607CMX-2043EMIBETUZUMABTIVANTINIBSITRAVATINIB,2
MET.MK-8033ALTIRATINIBSAVOLITINIBTELISOTUZUMABCABOZANTINIBBMS-777607CMX-2043EMIBETUZUMABTIVANTINIBSITRAVATINIBLY-3164530,2
MET.MK-8033ALTIRATINIBSAVOLITINIBTELISOTUZUMABCABOZANTINIBBMS-777607CMX-2043EMIBETUZUMABTIVANTINIBSITRAVATINIBLY-3164530EMD-1204831,1
MET.MK-8033ALTIRATINIBSAVOLITINIBTELISOTUZUMABCABOZANTINIBBMS-777607CMX-2043EMIBETUZUMABTIVANTINIBSITRAVATINIBLY-3164530EMD-1204831CAPMATINIB,1
MET.MK-8033ALTIRATINIBSAVOLITINIBTELISOTUZUMABCABOZANTINIBBMS-777607CMX-2043EMIBETUZUMABTIVANTINIBSITRAVATINIBLY-3164530EMD-1204831CAPMATINIBTEPOTINIB,1
MET.MK-8033ALTIRATINIBSAVOLITINIBTELISOTUZUMABCABOZANTINIBBMS-777607CMX-2043EMIBETUZUMABTIVANTINIBSITRAVATINIBLY-3164530EMD-1204831CAPMATINIBTEPOTINIBPF-04217903,1
MET.MK-8033ALTIRATINIBSAVOLITINIBTELISOTUZUMABCABOZANTINIBBMS-777607CMX-2043EMIBETUZUMABTIVANTINIBSITRAVATINIBLY-3164530EMD-1204831CAPMATINIBTEPOTINIBPF-04217903FORETINIB,1
MET.MK-8033ALTIRATINIBSAVOLITINIBTELISOTUZUMABCABOZANTINIBBMS-777607CMX-2043EMIBETUZUMABTIVANTINIBSITRAVATINIBLY-3164530EMD-1204831CAPMATINIBTEPOTINIBPF-04217903FORETINIBCRIZOTINIB,1
MET.MK-8033ALTIRATINIBSAVOLITINIBTELISOTUZUMABCABOZANTINIBBMS-777607CMX-2043EMIBETUZUMABTIVANTINIBSITRAVATINIBLY-3164530EMD-1204831CAPMATINIBTEPOTINIBPF-04217903FORETINIBCRIZOTINIBMK-2461,6
MET.MK-8033ALTIRATINIBSAVOLITINIBTELISOTUZUMABCABOZANTINIBBMS-777607CMX-2043EMIBETUZUMABTIVANTINIBSITRAVATINIBLY-3164530EMD-1204831CAPMATINIBTEPOTINIBPF-04217903FORETINIBCRIZOTINIBMK-2461GOLVATINIB,1
MET.MK-8033ALTIRATINIBSAVOLITINIBTELISOTUZUMABCABOZANTINIBBMS-777607CMX-2043EMIBETUZUMABTIVANTINIBSITRAVATINIBLY-3164530EMD-1204831CAPMATINIBTEPOTINIBPF-04217903FORETINIBCRIZOTINIBMK-2461GOLVATINIBSAR-125844,1
MET.MK-8033ALTIRATINIBSAVOLITINIBTELISOTUZUMABCABOZANTINIBBMS-777607CMX-2043EMIBETUZUMABTIVANTINIBSITRAVATINIBLY-3164530EMD-1204831CAPMATINIBTEPOTINIBPF-04217903FORETINIBCRIZOTINIBMK-2461GOLVATINIBSAR-125844TELISOTUZUMAB VEDOTIN,1
MET.MK-8033ALTIRATINIBSAVOLITINIBTELISOTUZUMABCABOZANTINIBBMS-777607CMX-2043EMIBETUZUMABTIVANTINIBSITRAVATINIBLY-3164530EMD-1204831CAPMATINIBTEPOTINIBPF-04217903FORETINIBCRIZOTINIBMK-2461GOLVATINIBSAR-125844TELISOTUZUMAB VEDOTINJNJ-38877605,1
SCD.MK-8245,1
SCD.MK-8245ARAMCHOL,1
CSF2RA.MOLGRAMOSTIM,1
CSF2RA.MOLGRAMOSTIMMILODISTIM,1
CSF2RA.MOLGRAMOSTIMMILODISTIMMAVRILIMUMAB,2
CSF2RA.MOLGRAMOSTIMMILODISTIMMAVRILIMUMABOTILIMAB,2
CSF2RA.MOLGRAMOSTIMMILODISTIMMAVRILIMUMABOTILIMABSARGRAMOSTIM,1
JAK2.MOMELOTINIB,1
JAK2.MOMELOTINIBGANDOTINIB,1
JAK2.MOMELOTINIBGANDOTINIBITACITINIB,2
JAK2.MOMELOTINIBGANDOTINIBITACITINIBCERDULATINIB,3
JAK2.MOMELOTINIBGANDOTINIBITACITINIBCERDULATINIBPACRITINIB,2
JAK2.MOMELOTINIBGANDOTINIBITACITINIBCERDULATINIBPACRITINIBNS-018,1
JAK2.MOMELOTINIBGANDOTINIBITACITINIBCERDULATINIBPACRITINIBNS-018CT-1578,1
JAK2.MOMELOTINIBGANDOTINIBITACITINIBCERDULATINIBPACRITINIBNS-018CT-1578AC-430,1
JAK2.MOMELOTINIBGANDOTINIBITACITINIBCERDULATINIBPACRITINIBNS-018CT-1578AC-430BMS-911543,1
JAK2.MOMELOTINIBGANDOTINIBITACITINIBCERDULATINIBPACRITINIBNS-018CT-1578AC-430BMS-911543RUXOLITINIB,3
JAK2.MOMELOTINIBGANDOTINIBITACITINIBCERDULATINIBPACRITINIBNS-018CT-1578AC-430BMS-911543RUXOLITINIBBARICITINIB,3
JAK2.MOMELOTINIBGANDOTINIBITACITINIBCERDULATINIBPACRITINIBNS-018CT-1578AC-430BMS-911543RUXOLITINIBBARICITINIBAZD-1480,1
JAK2.MOMELOTINIBGANDOTINIBITACITINIBCERDULATINIBPACRITINIBNS-018CT-1578AC-430BMS-911543RUXOLITINIBBARICITINIBAZD-1480XL-019,1
JAK2.MOMELOTINIBGANDOTINIBITACITINIBCERDULATINIBPACRITINIBNS-018CT-1578AC-430BMS-911543RUXOLITINIBBARICITINIBAZD-1480XL-019GIVINOSTAT,2
JAK2.MOMELOTINIBGANDOTINIBITACITINIBCERDULATINIBPACRITINIBNS-018CT-1578AC-430BMS-911543RUXOLITINIBBARICITINIBAZD-1480XL-019GIVINOSTATFEDRATINIB,1
HGF.MP-0250,2
HGF.MP-0250FICLATUZUMAB,1
PNLIP.MS-1819,1
PNLIP.MS-1819ORLISTAT,1
PNLIP.MS-1819ORLISTATDALBAVANCIN,1
PNLIP.MS-1819ORLISTATDALBAVANCINLIPROTAMASE,1
IFNA2.NADOFARAGENE FIRADENOVEC,1
CCL3.NAGRESTIPEN,1
CSF2.NAMILUMAB,1
CSF2.NAMILUMABCABIRALIZUMAB,1
CSF2.NAMILUMABCABIRALIZUMABMAVRILIMUMAB,2
CSF2.NAMILUMABCABIRALIZUMABMAVRILIMUMABPEXASTIMOGENE DEVACIREPVEC,1
CSF2.NAMILUMABCABIRALIZUMABMAVRILIMUMABPEXASTIMOGENE DEVACIREPVECGIMSILUMAB,1
CSF2.NAMILUMABCABIRALIZUMABMAVRILIMUMABPEXASTIMOGENE DEVACIREPVECGIMSILUMABOTILIMAB,2
CSF2.NAMILUMABCABIRALIZUMABMAVRILIMUMABPEXASTIMOGENE DEVACIREPVECGIMSILUMABOTILIMABLENZILUMAB,1
HDAC3.NANATINOSTAT,3
HDAC2.NANATINOSTAT,3
CCND1.NAVITOCLAX,3
CCND1.NAVITOCLAXBRICICLIB,1
MAPK11.NEFLAMAPIMOD,3
MAPK11.NEFLAMAPIMODCI-1040,9
MAPK14.NEFLAMAPIMOD,3
MAPK14.NEFLAMAPIMODVX-702,1
MAPK14.NEFLAMAPIMODVX-702CI-1040,9
MAPK14.NEFLAMAPIMODVX-702CI-1040DILMAPIMOD,1
MAPK14.NEFLAMAPIMODVX-702CI-1040DILMAPIMODLOSMAPIMOD,1
MAPK14.NEFLAMAPIMODVX-702CI-1040DILMAPIMODLOSMAPIMODSEMAPIMOD,2
MAPK14.NEFLAMAPIMODVX-702CI-1040DILMAPIMODLOSMAPIMODSEMAPIMODGSK-610677,1
PPARG.NETOGLITAZONE,1
PPARG.NETOGLITAZONEIMIGLITAZAR,1
PPARG.NETOGLITAZONEIMIGLITAZARPIOGLITAZONE,1
PPARG.NETOGLITAZONEIMIGLITAZARPIOGLITAZONEDB959,2
PPARG.NETOGLITAZONEIMIGLITAZARPIOGLITAZONEDB959ATX08-001,1
PPARG.NETOGLITAZONEIMIGLITAZARPIOGLITAZONEDB959ATX08-001BALAGLITAZONE,1
PPARG.NETOGLITAZONEIMIGLITAZARPIOGLITAZONEDB959ATX08-001BALAGLITAZONETHIAZOLIDINEDIONE,1
PPARG.NETOGLITAZONEIMIGLITAZARPIOGLITAZONEDB959ATX08-001BALAGLITAZONETHIAZOLIDINEDIONEMURAGLITAZAR,1
PPARG.NETOGLITAZONEIMIGLITAZARPIOGLITAZONEDB959ATX08-001BALAGLITAZONETHIAZOLIDINEDIONEMURAGLITAZARLOBEGLITAZONE,1
PPARG.NETOGLITAZONEIMIGLITAZARPIOGLITAZONEDB959ATX08-001BALAGLITAZONETHIAZOLIDINEDIONEMURAGLITAZARLOBEGLITAZONEOXEGLITAZAR,1
PPARG.NETOGLITAZONEIMIGLITAZARPIOGLITAZONEDB959ATX08-001BALAGLITAZONETHIAZOLIDINEDIONEMURAGLITAZARLOBEGLITAZONEOXEGLITAZARNAVEGLITAZAR,1
PPARG.NETOGLITAZONEIMIGLITAZARPIOGLITAZONEDB959ATX08-001BALAGLITAZONETHIAZOLIDINEDIONEMURAGLITAZARLOBEGLITAZONEOXEGLITAZARNAVEGLITAZARTESAGLITAZAR,1
PPARG.NETOGLITAZONEIMIGLITAZARPIOGLITAZONEDB959ATX08-001BALAGLITAZONETHIAZOLIDINEDIONEMURAGLITAZARLOBEGLITAZONEOXEGLITAZARNAVEGLITAZARTESAGLITAZARMBX-2044,1
PPARG.NETOGLITAZONEIMIGLITAZARPIOGLITAZONEDB959ATX08-001BALAGLITAZONETHIAZOLIDINEDIONEMURAGLITAZARLOBEGLITAZONEOXEGLITAZARNAVEGLITAZARTESAGLITAZARMBX-2044RAGAGLITAZAR,1
PPARG.NETOGLITAZONEIMIGLITAZARPIOGLITAZONEDB959ATX08-001BALAGLITAZONETHIAZOLIDINEDIONEMURAGLITAZARLOBEGLITAZONEOXEGLITAZARNAVEGLITAZARTESAGLITAZARMBX-2044RAGAGLITAZARTROGLITAZONE,1
PPARG.NETOGLITAZONEIMIGLITAZARPIOGLITAZONEDB959ATX08-001BALAGLITAZONETHIAZOLIDINEDIONEMURAGLITAZARLOBEGLITAZONEOXEGLITAZARNAVEGLITAZARTESAGLITAZARMBX-2044RAGAGLITAZARTROGLITAZONEOMS405,1
PPARG.NETOGLITAZONEIMIGLITAZARPIOGLITAZONEDB959ATX08-001BALAGLITAZONETHIAZOLIDINEDIONEMURAGLITAZARLOBEGLITAZONEOXEGLITAZARNAVEGLITAZARTESAGLITAZARMBX-2044RAGAGLITAZARTROGLITAZONEOMS405RIVOGLITAZONE,1
PPARG.NETOGLITAZONEIMIGLITAZARPIOGLITAZONEDB959ATX08-001BALAGLITAZONETHIAZOLIDINEDIONEMURAGLITAZARLOBEGLITAZONEOXEGLITAZARNAVEGLITAZARTESAGLITAZARMBX-2044RAGAGLITAZARTROGLITAZONEOMS405RIVOGLITAZONEGLITAZONE,1
PPARG.NETOGLITAZONEIMIGLITAZARPIOGLITAZONEDB959ATX08-001BALAGLITAZONETHIAZOLIDINEDIONEMURAGLITAZARLOBEGLITAZONEOXEGLITAZARNAVEGLITAZARTESAGLITAZARMBX-2044RAGAGLITAZARTROGLITAZONEOMS405RIVOGLITAZONEGLITAZONECLX-0921,1
PPARG.NETOGLITAZONEIMIGLITAZARPIOGLITAZONEDB959ATX08-001BALAGLITAZONETHIAZOLIDINEDIONEMURAGLITAZARLOBEGLITAZONEOXEGLITAZARNAVEGLITAZARTESAGLITAZARMBX-2044RAGAGLITAZARTROGLITAZONEOMS405RIVOGLITAZONEGLITAZONECLX-0921ARHALOFENATE,1
PPARG.NETOGLITAZONEIMIGLITAZARPIOGLITAZONEDB959ATX08-001BALAGLITAZONETHIAZOLIDINEDIONEMURAGLITAZARLOBEGLITAZONEOXEGLITAZARNAVEGLITAZARTESAGLITAZARMBX-2044RAGAGLITAZARTROGLITAZONEOMS405RIVOGLITAZONEGLITAZONECLX-0921ARHALOFENATEFARGLITAZAR,1
ADRA2A.NICERGOLINE,1
ADRA2A.NICERGOLINEMEPERIDINE,1
ADRA2A.NICERGOLINEMEPERIDINEFIPAMEZOLE,1
ADRA2A.NICERGOLINEMEPERIDINEFIPAMEZOLEDEXMEDETOMIDINE,1
ADRA2A.NICERGOLINEMEPERIDINEFIPAMEZOLEDEXMEDETOMIDINEFADOLMIDINE,2
ADRA2A.NICERGOLINEMEPERIDINEFIPAMEZOLEDEXMEDETOMIDINEFADOLMIDINEYOHIMBINE,1
ADRA2A.NICERGOLINEMEPERIDINEFIPAMEZOLEDEXMEDETOMIDINEFADOLMIDINEYOHIMBINEAPRACLONIDINE,1
ADRA2A.NICERGOLINEMEPERIDINEFIPAMEZOLEDEXMEDETOMIDINEFADOLMIDINEYOHIMBINEAPRACLONIDINETIZANIDINE,1
ADRA2A.NICERGOLINEMEPERIDINEFIPAMEZOLEDEXMEDETOMIDINEFADOLMIDINEYOHIMBINEAPRACLONIDINETIZANIDINEMOXONIDINE,2
ADRA2A.NICERGOLINEMEPERIDINEFIPAMEZOLEDEXMEDETOMIDINEFADOLMIDINEYOHIMBINEAPRACLONIDINETIZANIDINEMOXONIDINELOFEXIDINE,1
ADRA2A.NICERGOLINEMEPERIDINEFIPAMEZOLEDEXMEDETOMIDINEFADOLMIDINEYOHIMBINEAPRACLONIDINETIZANIDINEMOXONIDINELOFEXIDINEMEDETOMIDINE,2
ADRA2A.NICERGOLINEMEPERIDINEFIPAMEZOLEDEXMEDETOMIDINEFADOLMIDINEYOHIMBINEAPRACLONIDINETIZANIDINEMOXONIDINELOFEXIDINEMEDETOMIDINEGUANABENZ,1
ADRA2A.NICERGOLINEMEPERIDINEFIPAMEZOLEDEXMEDETOMIDINEFADOLMIDINEYOHIMBINEAPRACLONIDINETIZANIDINEMOXONIDINELOFEXIDINEMEDETOMIDINEGUANABENZBRIMONIDINE,2
ADRA2A.NICERGOLINEMEPERIDINEFIPAMEZOLEDEXMEDETOMIDINEFADOLMIDINEYOHIMBINEAPRACLONIDINETIZANIDINEMOXONIDINELOFEXIDINEMEDETOMIDINEGUANABENZBRIMONIDINEOXYMETAZOLINE,1
ADRA2A.NICERGOLINEMEPERIDINEFIPAMEZOLEDEXMEDETOMIDINEFADOLMIDINEYOHIMBINEAPRACLONIDINETIZANIDINEMOXONIDINELOFEXIDINEMEDETOMIDINEGUANABENZBRIMONIDINEOXYMETAZOLINECLONIDINE,1
APP.NIROGACESTAT,1
APP.NIROGACESTATCURCUMIN,5
APP.NIROGACESTATCURCUMINPONEZUMAB,1
APP.NIROGACESTATCURCUMINPONEZUMABCRENEZUMAB,1
APP.NIROGACESTATCURCUMINPONEZUMABCRENEZUMABTRAMIPROSATE,1
APP.NIROGACESTATCURCUMINPONEZUMABCRENEZUMABTRAMIPROSATEBAPINEUZUMAB,1
APP.NIROGACESTATCURCUMINPONEZUMABCRENEZUMABTRAMIPROSATEBAPINEUZUMABBAN2401,1
APP.NIROGACESTATCURCUMINPONEZUMABCRENEZUMABTRAMIPROSATEBAPINEUZUMABBAN2401SOLANEZUMAB,1
APP.NIROGACESTATCURCUMINPONEZUMABCRENEZUMABTRAMIPROSATEBAPINEUZUMABBAN2401SOLANEZUMABGANTENERUMAB,1
APP.NIROGACESTATCURCUMINPONEZUMABCRENEZUMABTRAMIPROSATEBAPINEUZUMABBAN2401SOLANEZUMABGANTENERUMABGSK933776,1
APP.NIROGACESTATCURCUMINPONEZUMABCRENEZUMABTRAMIPROSATEBAPINEUZUMABBAN2401SOLANEZUMABGANTENERUMABGSK933776T-817 MALEATE,1
APP.NIROGACESTATCURCUMINPONEZUMABCRENEZUMABTRAMIPROSATEBAPINEUZUMABBAN2401SOLANEZUMABGANTENERUMABGSK933776T-817 MALEATESCYLLITOL,1
APP.NIROGACESTATCURCUMINPONEZUMABCRENEZUMABTRAMIPROSATEBAPINEUZUMABBAN2401SOLANEZUMABGANTENERUMABGSK933776T-817 MALEATESCYLLITOLMETHYLINOSITOL,1
ITPR1.NITROPRUSSIDE,1
PIK3CG.NM-404,1
PIK3CG.NM-404GDC-0077,1
PIK3CG.NM-404GDC-0077OMIPALISIB,1
PIK3CG.NM-404GDC-0077OMIPALISIBRIGOSERTIB,1
PIK3CG.NM-404GDC-0077OMIPALISIBRIGOSERTIBTASELISIB,2
PIK3CG.NM-404GDC-0077OMIPALISIBRIGOSERTIBTASELISIBGEDATOLISIB,2
PIK3CG.NM-404GDC-0077OMIPALISIBRIGOSERTIBTASELISIBGEDATOLISIBTG100-115,1
PIK3CG.NM-404GDC-0077OMIPALISIBRIGOSERTIBTASELISIBGEDATOLISIBTG100-115FIMEPINOSTAT,1
PIK3CG.NM-404GDC-0077OMIPALISIBRIGOSERTIBTASELISIBGEDATOLISIBTG100-115FIMEPINOSTATDUVELISIB,2
PIK3CG.NM-404GDC-0077OMIPALISIBRIGOSERTIBTASELISIBGEDATOLISIBTG100-115FIMEPINOSTATDUVELISIBAZD-8186,2
PIK3CG.NM-404GDC-0077OMIPALISIBRIGOSERTIBTASELISIBGEDATOLISIBTG100-115FIMEPINOSTATDUVELISIBAZD-8186SONOLISIB,1
PIK3CG.NM-404GDC-0077OMIPALISIBRIGOSERTIBTASELISIBGEDATOLISIBTG100-115FIMEPINOSTATDUVELISIBAZD-8186SONOLISIBENZASTAURIN,3
PIK3CG.NM-404GDC-0077OMIPALISIBRIGOSERTIBTASELISIBGEDATOLISIBTG100-115FIMEPINOSTATDUVELISIBAZD-8186SONOLISIBENZASTAURINBGT-226,2
PIK3CG.NM-404GDC-0077OMIPALISIBRIGOSERTIBTASELISIBGEDATOLISIBTG100-115FIMEPINOSTATDUVELISIBAZD-8186SONOLISIBENZASTAURINBGT-226PILARALISIB,1
PIK3CG.NM-404GDC-0077OMIPALISIBRIGOSERTIBTASELISIBGEDATOLISIBTG100-115FIMEPINOSTATDUVELISIBAZD-8186SONOLISIBENZASTAURINBGT-226PILARALISIBVS-5584,2
PIK3CG.NM-404GDC-0077OMIPALISIBRIGOSERTIBTASELISIBGEDATOLISIBTG100-115FIMEPINOSTATDUVELISIBAZD-8186SONOLISIBENZASTAURINBGT-226PILARALISIBVS-5584DS-7423,2
PIK3CG.NM-404GDC-0077OMIPALISIBRIGOSERTIBTASELISIBGEDATOLISIBTG100-115FIMEPINOSTATDUVELISIBAZD-8186SONOLISIBENZASTAURINBGT-226PILARALISIBVS-5584DS-7423UMBRALISIB TOSYLATE,2
PIK3CG.NM-404GDC-0077OMIPALISIBRIGOSERTIBTASELISIBGEDATOLISIBTG100-115FIMEPINOSTATDUVELISIBAZD-8186SONOLISIBENZASTAURINBGT-226PILARALISIBVS-5584DS-7423UMBRALISIB TOSYLATEPF-04691502,2
PIK3CG.NM-404GDC-0077OMIPALISIBRIGOSERTIBTASELISIBGEDATOLISIBTG100-115FIMEPINOSTATDUVELISIBAZD-8186SONOLISIBENZASTAURINBGT-226PILARALISIBVS-5584DS-7423UMBRALISIB TOSYLATEPF-04691502BIMIRALISIB,3
PIK3CG.NM-404GDC-0077OMIPALISIBRIGOSERTIBTASELISIBGEDATOLISIBTG100-115FIMEPINOSTATDUVELISIBAZD-8186SONOLISIBENZASTAURINBGT-226PILARALISIBVS-5584DS-7423UMBRALISIB TOSYLATEPF-04691502BIMIRALISIBPERIFOSINE,1
PIK3CG.NM-404GDC-0077OMIPALISIBRIGOSERTIBTASELISIBGEDATOLISIBTG100-115FIMEPINOSTATDUVELISIBAZD-8186SONOLISIBENZASTAURINBGT-226PILARALISIBVS-5584DS-7423UMBRALISIB TOSYLATEPF-04691502BIMIRALISIBPERIFOSINEBUPARLISIB,4
PIK3CG.NM-404GDC-0077OMIPALISIBRIGOSERTIBTASELISIBGEDATOLISIBTG100-115FIMEPINOSTATDUVELISIBAZD-8186SONOLISIBENZASTAURINBGT-226PILARALISIBVS-5584DS-7423UMBRALISIB TOSYLATEPF-04691502BIMIRALISIBPERIFOSINEBUPARLISIBRG-7666,1
PIK3CG.NM-404GDC-0077OMIPALISIBRIGOSERTIBTASELISIBGEDATOLISIBTG100-115FIMEPINOSTATDUVELISIBAZD-8186SONOLISIBENZASTAURINBGT-226PILARALISIBVS-5584DS-7423UMBRALISIB TOSYLATEPF-04691502BIMIRALISIBPERIFOSINEBUPARLISIBRG-7666IPI-549,1
PIK3CG.NM-404GDC-0077OMIPALISIBRIGOSERTIBTASELISIBGEDATOLISIBTG100-115FIMEPINOSTATDUVELISIBAZD-8186SONOLISIBENZASTAURINBGT-226PILARALISIBVS-5584DS-7423UMBRALISIB TOSYLATEPF-04691502BIMIRALISIBPERIFOSINEBUPARLISIBRG-7666IPI-549BERZOSERTIB,2
PIK3CG.NM-404GDC-0077OMIPALISIBRIGOSERTIBTASELISIBGEDATOLISIBTG100-115FIMEPINOSTATDUVELISIBAZD-8186SONOLISIBENZASTAURINBGT-226PILARALISIBVS-5584DS-7423UMBRALISIB TOSYLATEPF-04691502BIMIRALISIBPERIFOSINEBUPARLISIBRG-7666IPI-549BERZOSERTIBPA-799,4
PIK3CG.NM-404GDC-0077OMIPALISIBRIGOSERTIBTASELISIBGEDATOLISIBTG100-115FIMEPINOSTATDUVELISIBAZD-8186SONOLISIBENZASTAURINBGT-226PILARALISIBVS-5584DS-7423UMBRALISIB TOSYLATEPF-04691502BIMIRALISIBPERIFOSINEBUPARLISIBRG-7666IPI-549BERZOSERTIBPA-799VOXTALISIB,2
PIK3CG.NM-404GDC-0077OMIPALISIBRIGOSERTIBTASELISIBGEDATOLISIBTG100-115FIMEPINOSTATDUVELISIBAZD-8186SONOLISIBENZASTAURINBGT-226PILARALISIBVS-5584DS-7423UMBRALISIB TOSYLATEPF-04691502BIMIRALISIBPERIFOSINEBUPARLISIBRG-7666IPI-549BERZOSERTIBPA-799VOXTALISIBDACTOLISIB,2
RARA.NRX195183,1
RARA.NRX195183TAMIBAROTENE,1
BCL2.OBATOCLAX,2
BCL2.OBATOCLAXNAVITOCLAX,3
BCL2.OBATOCLAXNAVITOCLAXEDARAVONE,1
BCL2.OBATOCLAXNAVITOCLAXEDARAVONEPACLITAXEL,1
BCL2.OBATOCLAXNAVITOCLAXEDARAVONEPACLITAXELVENETOCLAX,1
BCL2.OBATOCLAXNAVITOCLAXEDARAVONEPACLITAXELVENETOCLAXGOSSYPOL,1
BCL2.OBATOCLAXNAVITOCLAXEDARAVONEPACLITAXELVENETOCLAXGOSSYPOLOBLIMERSEN,1
BCL2L1.OBATOCLAX,2
BCL2L1.OBATOCLAXNAVITOCLAX,3
FN1.OCRIPLASMIN,1
TNF.ORTATAXEL,1
TNF.ORTATAXELGOLIMUMAB,1
TNF.ORTATAXELGOLIMUMABADALIMUMAB,1
TNF.ORTATAXELGOLIMUMABADALIMUMABCERTOLIZUMAB,1
TNF.ORTATAXELGOLIMUMABADALIMUMABCERTOLIZUMABABBV-257,1
TNF.ORTATAXELGOLIMUMABADALIMUMABCERTOLIZUMABABBV-257PLACULUMAB,1
TNF.ORTATAXELGOLIMUMABADALIMUMABCERTOLIZUMABABBV-257PLACULUMABREMTOLUMAB,1
TNF.ORTATAXELGOLIMUMABADALIMUMABCERTOLIZUMABABBV-257PLACULUMABREMTOLUMABLENABASUM,1
TNF.ORTATAXELGOLIMUMABADALIMUMABCERTOLIZUMABABBV-257PLACULUMABREMTOLUMABLENABASUMLENALIDOMIDE,1
TNF.ORTATAXELGOLIMUMABADALIMUMABCERTOLIZUMABABBV-257PLACULUMABREMTOLUMABLENABASUMLENALIDOMIDEPENTOXIFYLLINE,1
TNF.ORTATAXELGOLIMUMABADALIMUMABCERTOLIZUMABABBV-257PLACULUMABREMTOLUMABLENABASUMLENALIDOMIDEPENTOXIFYLLINEENBREL,1
TNF.ORTATAXELGOLIMUMABADALIMUMABCERTOLIZUMABABBV-257PLACULUMABREMTOLUMABLENABASUMLENALIDOMIDEPENTOXIFYLLINEENBRELTHALIDOMIDE,1
TNF.ORTATAXELGOLIMUMABADALIMUMABCERTOLIZUMABABBV-257PLACULUMABREMTOLUMABLENABASUMLENALIDOMIDEPENTOXIFYLLINEENBRELTHALIDOMIDEPEGSUNERCEPT,1
TNF.ORTATAXELGOLIMUMABADALIMUMABCERTOLIZUMABABBV-257PLACULUMABREMTOLUMABLENABASUMLENALIDOMIDEPENTOXIFYLLINEENBRELTHALIDOMIDEPEGSUNERCEPTNAFAMOSTAT,1
TNF.ORTATAXELGOLIMUMABADALIMUMABCERTOLIZUMABABBV-257PLACULUMABREMTOLUMABLENABASUMLENALIDOMIDEPENTOXIFYLLINEENBRELTHALIDOMIDEPEGSUNERCEPTNAFAMOSTATCELASTROL,2
TNF.ORTATAXELGOLIMUMABADALIMUMABCERTOLIZUMABABBV-257PLACULUMABREMTOLUMABLENABASUMLENALIDOMIDEPENTOXIFYLLINEENBRELTHALIDOMIDEPEGSUNERCEPTNAFAMOSTATCELASTROLINFLIXIMAB,1
TNF.ORTATAXELGOLIMUMABADALIMUMABCERTOLIZUMABABBV-257PLACULUMABREMTOLUMABLENABASUMLENALIDOMIDEPENTOXIFYLLINEENBRELTHALIDOMIDEPEGSUNERCEPTNAFAMOSTATCELASTROLINFLIXIMABETANERCEPT,1
AR.OXANDROLONE,1
AR.OXANDROLONEFLUOXYMESTERONE,1
AR.OXANDROLONEFLUOXYMESTERONEAZD-5312,1
AR.OXANDROLONEFLUOXYMESTERONEAZD-5312GLPG0492,1
AR.OXANDROLONEFLUOXYMESTERONEAZD-5312GLPG0492MK-0773,1
AR.OXANDROLONEFLUOXYMESTERONEAZD-5312GLPG0492MK-0773FLUDROCORTISONE,1
AR.OXANDROLONEFLUOXYMESTERONEAZD-5312GLPG0492MK-0773FLUDROCORTISONECLASCOTERONE,1
AR.OXANDROLONEFLUOXYMESTERONEAZD-5312GLPG0492MK-0773FLUDROCORTISONECLASCOTERONEFLUTAMIDE,1
AR.OXANDROLONEFLUOXYMESTERONEAZD-5312GLPG0492MK-0773FLUDROCORTISONECLASCOTERONEFLUTAMIDEAZD3514,1
AR.OXANDROLONEFLUOXYMESTERONEAZD-5312GLPG0492MK-0773FLUDROCORTISONECLASCOTERONEFLUTAMIDEAZD3514APALUTAMIDE,1
AR.OXANDROLONEFLUOXYMESTERONEAZD-5312GLPG0492MK-0773FLUDROCORTISONECLASCOTERONEFLUTAMIDEAZD3514APALUTAMIDEZANOTERONE,1
AR.OXANDROLONEFLUOXYMESTERONEAZD-5312GLPG0492MK-0773FLUDROCORTISONECLASCOTERONEFLUTAMIDEAZD3514APALUTAMIDEZANOTERONENILUTAMIDE,1
AR.OXANDROLONEFLUOXYMESTERONEAZD-5312GLPG0492MK-0773FLUDROCORTISONECLASCOTERONEFLUTAMIDEAZD3514APALUTAMIDEZANOTERONENILUTAMIDEBICALUTAMIDE,1
AR.OXANDROLONEFLUOXYMESTERONEAZD-5312GLPG0492MK-0773FLUDROCORTISONECLASCOTERONEFLUTAMIDEAZD3514APALUTAMIDEZANOTERONENILUTAMIDEBICALUTAMIDETESTOSTERONE,1
AR.OXANDROLONEFLUOXYMESTERONEAZD-5312GLPG0492MK-0773FLUDROCORTISONECLASCOTERONEFLUTAMIDEAZD3514APALUTAMIDEZANOTERONENILUTAMIDEBICALUTAMIDETESTOSTERONEAPC-100,1
AR.OXANDROLONEFLUOXYMESTERONEAZD-5312GLPG0492MK-0773FLUDROCORTISONECLASCOTERONEFLUTAMIDEAZD3514APALUTAMIDEZANOTERONENILUTAMIDEBICALUTAMIDETESTOSTERONEAPC-100ETHYLESTRENOL,1
AR.OXANDROLONEFLUOXYMESTERONEAZD-5312GLPG0492MK-0773FLUDROCORTISONECLASCOTERONEFLUTAMIDEAZD3514APALUTAMIDEZANOTERONENILUTAMIDEBICALUTAMIDETESTOSTERONEAPC-100ETHYLESTRENOLCYPROTERONE,1
AR.OXANDROLONEFLUOXYMESTERONEAZD-5312GLPG0492MK-0773FLUDROCORTISONECLASCOTERONEFLUTAMIDEAZD3514APALUTAMIDEZANOTERONENILUTAMIDEBICALUTAMIDETESTOSTERONEAPC-100ETHYLESTRENOLCYPROTERONEANDROSTANOLONE,1
AR.OXANDROLONEFLUOXYMESTERONEAZD-5312GLPG0492MK-0773FLUDROCORTISONECLASCOTERONEFLUTAMIDEAZD3514APALUTAMIDEZANOTERONENILUTAMIDEBICALUTAMIDETESTOSTERONEAPC-100ETHYLESTRENOLCYPROTERONEANDROSTANOLONEDROMOSTANOLONE,1
AR.OXANDROLONEFLUOXYMESTERONEAZD-5312GLPG0492MK-0773FLUDROCORTISONECLASCOTERONEFLUTAMIDEAZD3514APALUTAMIDEZANOTERONENILUTAMIDEBICALUTAMIDETESTOSTERONEAPC-100ETHYLESTRENOLCYPROTERONEANDROSTANOLONEDROMOSTANOLONEHYDROXYFLUTAMIDE,1
AR.OXANDROLONEFLUOXYMESTERONEAZD-5312GLPG0492MK-0773FLUDROCORTISONECLASCOTERONEFLUTAMIDEAZD3514APALUTAMIDEZANOTERONENILUTAMIDEBICALUTAMIDETESTOSTERONEAPC-100ETHYLESTRENOLCYPROTERONEANDROSTANOLONEDROMOSTANOLONEHYDROXYFLUTAMIDEENZALUTAMIDE,1
AR.OXANDROLONEFLUOXYMESTERONEAZD-5312GLPG0492MK-0773FLUDROCORTISONECLASCOTERONEFLUTAMIDEAZD3514APALUTAMIDEZANOTERONENILUTAMIDEBICALUTAMIDETESTOSTERONEAPC-100ETHYLESTRENOLCYPROTERONEANDROSTANOLONEDROMOSTANOLONEHYDROXYFLUTAMIDEENZALUTAMIDEPRASTERONE,1
AR.OXANDROLONEFLUOXYMESTERONEAZD-5312GLPG0492MK-0773FLUDROCORTISONECLASCOTERONEFLUTAMIDEAZD3514APALUTAMIDEZANOTERONENILUTAMIDEBICALUTAMIDETESTOSTERONEAPC-100ETHYLESTRENOLCYPROTERONEANDROSTANOLONEDROMOSTANOLONEHYDROXYFLUTAMIDEENZALUTAMIDEPRASTERONEGALETERONE,1
AR.OXANDROLONEFLUOXYMESTERONEAZD-5312GLPG0492MK-0773FLUDROCORTISONECLASCOTERONEFLUTAMIDEAZD3514APALUTAMIDEZANOTERONENILUTAMIDEBICALUTAMIDETESTOSTERONEAPC-100ETHYLESTRENOLCYPROTERONEANDROSTANOLONEDROMOSTANOLONEHYDROXYFLUTAMIDEENZALUTAMIDEPRASTERONEGALETERONERAD-140,1
AR.OXANDROLONEFLUOXYMESTERONEAZD-5312GLPG0492MK-0773FLUDROCORTISONECLASCOTERONEFLUTAMIDEAZD3514APALUTAMIDEZANOTERONENILUTAMIDEBICALUTAMIDETESTOSTERONEAPC-100ETHYLESTRENOLCYPROTERONEANDROSTANOLONEDROMOSTANOLONEHYDROXYFLUTAMIDEENZALUTAMIDEPRASTERONEGALETERONERAD-140NANDROLONE,1
TTR.PATISIRAN,1
TTR.PATISIRANINOTERSEN,1
C3.PEGCETACOPLAN,1
PDGFB.PEGPLERANIB SODIUM,1
CTSS.PETESICATIB,1
IL6.PF-04236921,1
IL6.PF-04236921OLOKIZUMAB,1
IL6.PF-04236921OLOKIZUMABSIRUKUMAB,2
IL6.PF-04236921OLOKIZUMABSIRUKUMABSILTUXIMAB,1
IL6.PF-04236921OLOKIZUMABSIRUKUMABSILTUXIMABCLAZAKIZUMAB,1
IL6.PF-04236921OLOKIZUMABSIRUKUMABSILTUXIMABCLAZAKIZUMABCOR-001,1
IL6.PF-04236921OLOKIZUMABSIRUKUMABSILTUXIMABCLAZAKIZUMABCOR-001IBUDILAST,2
ACACB.PF-05175157,1
ACACB.PF-05175157METFORMIN,1
IFNB1.PF-06823859,1
IFNB1.PF-06823859PLEGRIDY,1
PPT1.PLITIDEPSIN,1
BRAF.PLX8394,1
BRAF.PLX8394XL-281,1
BRAF.PLX8394XL-281VEMURAFENIB,1
BRAF.PLX8394XL-281VEMURAFENIBRG-7256,1
BRAF.PLX8394XL-281VEMURAFENIBRG-7256LIFIRAFENIB,1
BRAF.PLX8394XL-281VEMURAFENIBRG-7256LIFIRAFENIBDABRAFENIB,1
BRAF.PLX8394XL-281VEMURAFENIBRG-7256LIFIRAFENIBDABRAFENIBENCORAFENIB,1
BRAF.PLX8394XL-281VEMURAFENIBRG-7256LIFIRAFENIBDABRAFENIBENCORAFENIBCEP-32496,2
CREBBP.PRI-724,1
ABCA1.PROBUCOL,1
PPIA.PROLINE,1
HSP90AB1.PU-H71,1
HSP90AB1.PU-H71CHEMBL553939,2
HSP90AB1.PU-H71CHEMBL553939TAS-116,1
TXN.PX-12,1
AGER.PYRIDOXAMINE,1
IGHE.QUILIZUMAB,1
GRIN2B.RADIPRODIL,1
GRIN2B.RADIPRODILELIPRODIL,2
GRIN2B.RADIPRODILELIPRODILNBQX,2
GRIN2B.RADIPRODILELIPRODILNBQXRISLENEMDAZ,1
VEGFA.RANIBIZUMAB,1
VEGFA.RANIBIZUMABOSI-632,1
VEGFA.RANIBIZUMABOSI-632MP-0250,2
VEGFA.RANIBIZUMABOSI-632MP-0250BEVACIZUMAB,1
VEGFA.RANIBIZUMABOSI-632MP-0250BEVACIZUMABNAVICIXIZUMAB,1
VEGFA.RANIBIZUMABOSI-632MP-0250BEVACIZUMABNAVICIXIZUMABABICIPAR PEGOL,1
VEGFA.RANIBIZUMABOSI-632MP-0250BEVACIZUMABNAVICIXIZUMABABICIPAR PEGOLAFLIBERCEPT,2
VEGFA.RANIBIZUMABOSI-632MP-0250BEVACIZUMABNAVICIXIZUMABABICIPAR PEGOLAFLIBERCEPTRISUTEGANIB,1
VEGFA.RANIBIZUMABOSI-632MP-0250BEVACIZUMABNAVICIXIZUMABABICIPAR PEGOLAFLIBERCEPTRISUTEGANIBSQUALAMINE,3
PLG.RANOLAZINE,1
PLG.RANOLAZINEANISTREPLASE,1
PLG.RANOLAZINEANISTREPLASEDESMOTEPLASE,1
PLG.RANOLAZINEANISTREPLASEDESMOTEPLASEALTEPLASE,1
PLG.RANOLAZINEANISTREPLASEDESMOTEPLASEALTEPLASETENECTEPLASE,1
PLG.RANOLAZINEANISTREPLASEDESMOTEPLASEALTEPLASETENECTEPLASERETEPLASE,1
PLG.RANOLAZINEANISTREPLASEDESMOTEPLASEALTEPLASETENECTEPLASERETEPLASEMELAGATRAN,2
PLG.RANOLAZINEANISTREPLASEDESMOTEPLASEALTEPLASETENECTEPLASERETEPLASEMELAGATRANSTREPTOKINASE,1
FPR1.REBAMIPIDE,1
IL3RA.RELMAPIRAZIN,1
IL3RA.RELMAPIRAZINTAGRAXOFUSP,2
IL3RA.RELMAPIRAZINTAGRAXOFUSPFLOTETUZUMAB,1
IL3RA.RELMAPIRAZINTAGRAXOFUSPFLOTETUZUMABTALACOTUZUMAB,2
IL5.RESLIZUMAB,1
IL5.RESLIZUMABBENRALIZUMAB,2
IL5.RESLIZUMABBENRALIZUMABMEPOLIZUMAB,1
GAA.REVEGLUCOSIDASE ALFA,1
GAA.REVEGLUCOSIDASE ALFADUVOGLUSTAT,2
GAA.REVEGLUCOSIDASE ALFADUVOGLUSTATSALACINOL,1
IMPDH1.RIBAVIRIN,1
IMPDH1.RIBAVIRINMERCAPTOPURINE,1
IMPDH1.RIBAVIRINMERCAPTOPURINEMIZORIBINE,1
IMPDH1.RIBAVIRINMERCAPTOPURINEMIZORIBINETIAZOFURIN,1
IMPDH1.RIBAVIRINMERCAPTOPURINEMIZORIBINETIAZOFURINTARIBAVIRIN HYDROCHLORIDE,1
ADRA2C.RILMENIDINE,1
ADRA2C.RILMENIDINEAMEZINIUM,1
ADRA2C.RILMENIDINEAMEZINIUMFADOLMIDINE,2
ADRA2C.RILMENIDINEAMEZINIUMFADOLMIDINETETRASUL,1
ADRA2C.RILMENIDINEAMEZINIUMFADOLMIDINETETRASULDIHYDROERGOCRISTINE,1
ADRA2C.RILMENIDINEAMEZINIUMFADOLMIDINETETRASULDIHYDROERGOCRISTINETETRAHYDROZOLINE,1
ADRA2C.RILMENIDINEAMEZINIUMFADOLMIDINETETRASULDIHYDROERGOCRISTINETETRAHYDROZOLINEMOXONIDINE,2
ADRA2C.RILMENIDINEAMEZINIUMFADOLMIDINETETRASULDIHYDROERGOCRISTINETETRAHYDROZOLINEMOXONIDINEAMOSULALOL,1
ADRA2C.RILMENIDINEAMEZINIUMFADOLMIDINETETRASULDIHYDROERGOCRISTINETETRAHYDROZOLINEMOXONIDINEAMOSULALOLXYLOMETAZOLINE,1
ADRA2C.RILMENIDINEAMEZINIUMFADOLMIDINETETRASULDIHYDROERGOCRISTINETETRAHYDROZOLINEMOXONIDINEAMOSULALOLXYLOMETAZOLINECYCLOBENZAPRINE,1
ADRA2C.RILMENIDINEAMEZINIUMFADOLMIDINETETRASULDIHYDROERGOCRISTINETETRAHYDROZOLINEMOXONIDINEAMOSULALOLXYLOMETAZOLINECYCLOBENZAPRINEMEDETOMIDINE,2
ADRA2C.RILMENIDINEAMEZINIUMFADOLMIDINETETRASULDIHYDROERGOCRISTINETETRAHYDROZOLINEMOXONIDINEAMOSULALOLXYLOMETAZOLINECYCLOBENZAPRINEMEDETOMIDINEPROPYLHEXEDRINE,1
ADRA2C.RILMENIDINEAMEZINIUMFADOLMIDINETETRASULDIHYDROERGOCRISTINETETRAHYDROZOLINEMOXONIDINEAMOSULALOLXYLOMETAZOLINECYCLOBENZAPRINEMEDETOMIDINEPROPYLHEXEDRINEBRIMONIDINE,2
ADRA2C.RILMENIDINEAMEZINIUMFADOLMIDINETETRASULDIHYDROERGOCRISTINETETRAHYDROZOLINEMOXONIDINEAMOSULALOLXYLOMETAZOLINECYCLOBENZAPRINEMEDETOMIDINEPROPYLHEXEDRINEBRIMONIDINEORM-12741,1
CAMK2B.RIMACALIB,1
SELL.RIVIPANSEL,1
TPH1.RODATRISTAT ETHYL,1
HDAC1.ROMIDEPSIN,1
HDAC1.ROMIDEPSINSCRIPTAID,1
HDAC1.ROMIDEPSINSCRIPTAIDRESMINOSTAT,1
HDAC1.ROMIDEPSINSCRIPTAIDRESMINOSTATCHEMBL152543,1
HDAC1.ROMIDEPSINSCRIPTAIDRESMINOSTATCHEMBL152543NANATINOSTAT,3
HDAC1.ROMIDEPSINSCRIPTAIDRESMINOSTATCHEMBL152543NANATINOSTATDOMATINOSTAT,1
HDAC1.ROMIDEPSINSCRIPTAIDRESMINOSTATCHEMBL152543NANATINOSTATDOMATINOSTATCHLAMYDOCIN,1
HDAC1.ROMIDEPSINSCRIPTAIDRESMINOSTATCHEMBL152543NANATINOSTATDOMATINOSTATCHLAMYDOCINOBP-801,1
HDAC1.ROMIDEPSINSCRIPTAIDRESMINOSTATCHEMBL152543NANATINOSTATDOMATINOSTATCHLAMYDOCINOBP-801DEPUDECIN,1
HDAC1.ROMIDEPSINSCRIPTAIDRESMINOSTATCHEMBL152543NANATINOSTATDOMATINOSTATCHLAMYDOCINOBP-801DEPUDECINPHENYLBUTANOIC ACID,1
HDAC1.ROMIDEPSINSCRIPTAIDRESMINOSTATCHEMBL152543NANATINOSTATDOMATINOSTATCHLAMYDOCINOBP-801DEPUDECINPHENYLBUTANOIC ACIDMOCETINOSTAT,1
HDAC1.ROMIDEPSINSCRIPTAIDRESMINOSTATCHEMBL152543NANATINOSTATDOMATINOSTATCHLAMYDOCINOBP-801DEPUDECINPHENYLBUTANOIC ACIDMOCETINOSTATDACINOSTAT,1
HDAC1.ROMIDEPSINSCRIPTAIDRESMINOSTATCHEMBL152543NANATINOSTATDOMATINOSTATCHLAMYDOCINOBP-801DEPUDECINPHENYLBUTANOIC ACIDMOCETINOSTATDACINOSTATPANOBINOSTAT,1
HDAC1.ROMIDEPSINSCRIPTAIDRESMINOSTATCHEMBL152543NANATINOSTATDOMATINOSTATCHLAMYDOCINOBP-801DEPUDECINPHENYLBUTANOIC ACIDMOCETINOSTATDACINOSTATPANOBINOSTATTUCIDINOSTAT,1
HDAC1.ROMIDEPSINSCRIPTAIDRESMINOSTATCHEMBL152543NANATINOSTATDOMATINOSTATCHLAMYDOCINOBP-801DEPUDECINPHENYLBUTANOIC ACIDMOCETINOSTATDACINOSTATPANOBINOSTATTUCIDINOSTATCHEMBL152133,1
HDAC1.ROMIDEPSINSCRIPTAIDRESMINOSTATCHEMBL152543NANATINOSTATDOMATINOSTATCHLAMYDOCINOBP-801DEPUDECINPHENYLBUTANOIC ACIDMOCETINOSTATDACINOSTATPANOBINOSTATTUCIDINOSTATCHEMBL152133ENTINOSTAT,1
HDAC1.ROMIDEPSINSCRIPTAIDRESMINOSTATCHEMBL152543NANATINOSTATDOMATINOSTATCHLAMYDOCINOBP-801DEPUDECINPHENYLBUTANOIC ACIDMOCETINOSTATDACINOSTATPANOBINOSTATTUCIDINOSTATCHEMBL152133ENTINOSTATGIVINOSTAT,2
HDAC1.ROMIDEPSINSCRIPTAIDRESMINOSTATCHEMBL152543NANATINOSTATDOMATINOSTATCHLAMYDOCINOBP-801DEPUDECINPHENYLBUTANOIC ACIDMOCETINOSTATDACINOSTATPANOBINOSTATTUCIDINOSTATCHEMBL152133ENTINOSTATGIVINOSTATVORINOSTAT,1
NOS3.RONOPTERIN,1
NOS3.RONOPTERINL-NAME,1
IFNA1.RONTALIZUMAB,1
INPP5D.ROSIPTOR,1
PLAUR.RUXOLITINIB,3
NRAS.SALIRASIB,2
IL6R.SARILUMAB,1
IL6R.SARILUMABSIRUKUMAB,2
IL6R.SARILUMABSIRUKUMABTOCILIZUMAB,1
IL6R.SARILUMABSIRUKUMABTOCILIZUMABSATRALIZUMAB,1
IL6R.SARILUMABSIRUKUMABTOCILIZUMABSATRALIZUMABVOBARILIZUMAB,1
MAP2K1.SELUMETINIB,2
MAP2K2.SELUMETINIB,2
RAF1.SEMAPIMOD,2
CSNK2A1.SILMITASERTIB,1
HBB.DEFERITAZOLE,1
HBB.DEFERITAZOLEVOXELOTOR,1
FGF18.SPRIFERMIN,1
PDGFA.SQUALAMINE,3
AKT3.SR-13668,1
AKT3.SR-13668MSC-2363318A,2
AKT3.SR-13668MSC-2363318AMK-2206,1
AKT3.SR-13668MSC-2363318AMK-2206CAPIVASERTIB,2
AKT3.SR-13668MSC-2363318AMK-2206CAPIVASERTIBXL-418,1
AKT3.SR-13668MSC-2363318AMK-2206CAPIVASERTIBXL-418GSK-690693,1
AKT3.SR-13668MSC-2363318AMK-2206CAPIVASERTIBXL-418GSK-690693AFURESERTIB,2
AKT3.SR-13668MSC-2363318AMK-2206CAPIVASERTIBXL-418GSK-690693AFURESERTIBUPROSERTIB,1
HMOX1.STANNSOPORFIN,1
FGF2.SUCRALFATE,1
FGF2.SUCRALFATESQUALAMINE,3
HPSE.SURAMIN,1
CHRM3.SUXAMETHONIUM,1
CHRM3.SUXAMETHONIUMIPRATROPIUM,1
CHRM3.SUXAMETHONIUMIPRATROPIUMACECLIDINE,1
CHRM3.SUXAMETHONIUMIPRATROPIUMACECLIDINEACLIDINIUM BROMIDE,1
CHRM3.SUXAMETHONIUMIPRATROPIUMACECLIDINEACLIDINIUM BROMIDEMETHSCOPOLAMINE,1
CHRM3.SUXAMETHONIUMIPRATROPIUMACECLIDINEACLIDINIUM BROMIDEMETHSCOPOLAMINETOLTERODINE,1
CHRM3.SUXAMETHONIUMIPRATROPIUMACECLIDINEACLIDINIUM BROMIDEMETHSCOPOLAMINETOLTERODINETIOTROPIUM,1
CHRM3.SUXAMETHONIUMIPRATROPIUMACECLIDINEACLIDINIUM BROMIDEMETHSCOPOLAMINETOLTERODINETIOTROPIUMSOLIFENACIN,1
CHRM3.SUXAMETHONIUMIPRATROPIUMACECLIDINEACLIDINIUM BROMIDEMETHSCOPOLAMINETOLTERODINETIOTROPIUMSOLIFENACINCEVIMELINE,1
CHRM3.SUXAMETHONIUMIPRATROPIUMACECLIDINEACLIDINIUM BROMIDEMETHSCOPOLAMINETOLTERODINETIOTROPIUMSOLIFENACINCEVIMELINETARAFENACIN,1
CHRM3.SUXAMETHONIUMIPRATROPIUMACECLIDINEACLIDINIUM BROMIDEMETHSCOPOLAMINETOLTERODINETIOTROPIUMSOLIFENACINCEVIMELINETARAFENACINDARIFENACIN,1
CSF2RB.TAGRAXOFUSP,2
CSF2RB.TAGRAXOFUSPTALACOTUZUMAB,2
CSF2RB.TAGRAXOFUSPTALACOTUZUMABLERIDISTIM,1
LTF.TALACTOFERRIN ALFA,1
LTF.TALACTOFERRIN ALFAPARECOXIB,1
PIK3CA.TASELISIB,2
PIK3CA.TASELISIBINK-1117,2
PIK3CA.TASELISIBINK-1117SAMOTOLISIB,2
PIK3CA.TASELISIBINK-1117SAMOTOLISIBALPELISIB,1
PIK3CA.TASELISIBINK-1117SAMOTOLISIBALPELISIBBUPARLISIB,4
PIK3CA.TASELISIBINK-1117SAMOTOLISIBALPELISIBBUPARLISIBSERABELISIB,1
PIK3CA.TASELISIBINK-1117SAMOTOLISIBALPELISIBBUPARLISIBSERABELISIBPA-799,4
S100A9.TASQUINIMOD,1
S100A9.TASQUINIMODPAQUINIMOD,1
ALOX5.TEPOXALIN,1
ALOX5.TEPOXALINTENIDAP,1
ALOX5.TEPOXALINTENIDAPTIPELUKAST,1
ALOX5.TEPOXALINTENIDAPTIPELUKASTDIETHYLCARBAMAZINE,1
ALOX5.TEPOXALINTENIDAPTIPELUKASTDIETHYLCARBAMAZINEATRELEUTON,1
ALOX5.TEPOXALINTENIDAPTIPELUKASTDIETHYLCARBAMAZINEATRELEUTONPF-4191834,1
ALOX5.TEPOXALINTENIDAPTIPELUKASTDIETHYLCARBAMAZINEATRELEUTONPF-4191834DARBUFELONE,2
ALOX5.TEPOXALINTENIDAPTIPELUKASTDIETHYLCARBAMAZINEATRELEUTONPF-4191834DARBUFELONEZILEUTON,1
ALOX5.TEPOXALINTENIDAPTIPELUKASTDIETHYLCARBAMAZINEATRELEUTONPF-4191834DARBUFELONEZILEUTONRILOPIROX,1
ALOX5.TEPOXALINTENIDAPTIPELUKASTDIETHYLCARBAMAZINEATRELEUTONPF-4191834DARBUFELONEZILEUTONRILOPIROXSILYBIN A,1
SP1.TERAMEPROCOL,1
CDA.TETRAHYDROURIDINE,1
CFTR.TEZACAFTOR,1
CFTR.TEZACAFTORIOWH-032,1
CFTR.TEZACAFTORIOWH-032CROFELEMER,1
CFTR.TEZACAFTORIOWH-032CROFELEMERIVACAFTOR,1
CFTR.TEZACAFTORIOWH-032CROFELEMERIVACAFTORLUMACAFTOR,1
CFTR.TEZACAFTORIOWH-032CROFELEMERIVACAFTORLUMACAFTORGALICAFTOR,1
PTAFR.TICLOPIDINE,1
PTAFR.TICLOPIDINERUPATADINE,1
PTAFR.TICLOPIDINERUPATADINEDERSALAZINE,1
PTAFR.TICLOPIDINERUPATADINEDERSALAZINEISRAPAFANT,1
PTAFR.TICLOPIDINERUPATADINEDERSALAZINEISRAPAFANTLEXIPAFANT,1
PRTN3.TIPRELESTAT,1
TLR2.TOMARALIMAB,1
ESR1.TOREMIFENE,1
ESR1.TOREMIFENEAZD-9496,1
ESR1.TOREMIFENEAZD-9496BRILANESTRANT,1
ESR1.TOREMIFENEAZD-9496BRILANESTRANTQUINESTROL,1
ESR1.TOREMIFENEAZD-9496BRILANESTRANTQUINESTROLLASOFOXIFENE,1
ESR1.TOREMIFENEAZD-9496BRILANESTRANTQUINESTROLLASOFOXIFENEDIENESTROL,1
ESR1.TOREMIFENEAZD-9496BRILANESTRANTQUINESTROLLASOFOXIFENEDIENESTROLGTX-758,1
ESR1.TOREMIFENEAZD-9496BRILANESTRANTQUINESTROLLASOFOXIFENEDIENESTROLGTX-758CENESTIN,1
ESR1.TOREMIFENEAZD-9496BRILANESTRANTQUINESTROLLASOFOXIFENEDIENESTROLGTX-758CENESTINCYCLOFENIL,1
ESR1.TOREMIFENEAZD-9496BRILANESTRANTQUINESTROLLASOFOXIFENEDIENESTROLGTX-758CENESTINCYCLOFENILGESTRINONE,1
ESR1.TOREMIFENEAZD-9496BRILANESTRANTQUINESTROLLASOFOXIFENEDIENESTROLGTX-758CENESTINCYCLOFENILGESTRINONEBAZEDOXIFENE,1
ESR1.TOREMIFENEAZD-9496BRILANESTRANTQUINESTROLLASOFOXIFENEDIENESTROLGTX-758CENESTINCYCLOFENILGESTRINONEBAZEDOXIFENEDIETHYLSTILBESTROL,1
ESR1.TOREMIFENEAZD-9496BRILANESTRANTQUINESTROLLASOFOXIFENEDIENESTROLGTX-758CENESTINCYCLOFENILGESTRINONEBAZEDOXIFENEDIETHYLSTILBESTROLMITOTANE,1
ESR1.TOREMIFENEAZD-9496BRILANESTRANTQUINESTROLLASOFOXIFENEDIENESTROLGTX-758CENESTINCYCLOFENILGESTRINONEBAZEDOXIFENEDIETHYLSTILBESTROLMITOTANEESTROGEN,1
ESR1.TOREMIFENEAZD-9496BRILANESTRANTQUINESTROLLASOFOXIFENEDIENESTROLGTX-758CENESTINCYCLOFENILGESTRINONEBAZEDOXIFENEDIETHYLSTILBESTROLMITOTANEESTROGENCLOMIPHENE,1
ESR1.TOREMIFENEAZD-9496BRILANESTRANTQUINESTROLLASOFOXIFENEDIENESTROLGTX-758CENESTINCYCLOFENILGESTRINONEBAZEDOXIFENEDIETHYLSTILBESTROLMITOTANEESTROGENCLOMIPHENEESTROPIPATE,1
ESR1.TOREMIFENEAZD-9496BRILANESTRANTQUINESTROLLASOFOXIFENEDIENESTROLGTX-758CENESTINCYCLOFENILGESTRINONEBAZEDOXIFENEDIETHYLSTILBESTROLMITOTANEESTROGENCLOMIPHENEESTROPIPATEELACESTRANT,1
ESR1.TOREMIFENEAZD-9496BRILANESTRANTQUINESTROLLASOFOXIFENEDIENESTROLGTX-758CENESTINCYCLOFENILGESTRINONEBAZEDOXIFENEDIETHYLSTILBESTROLMITOTANEESTROGENCLOMIPHENEESTROPIPATEELACESTRANTCHF4227,1
ESR1.TOREMIFENEAZD-9496BRILANESTRANTQUINESTROLLASOFOXIFENEDIENESTROLGTX-758CENESTINCYCLOFENILGESTRINONEBAZEDOXIFENEDIETHYLSTILBESTROLMITOTANEESTROGENCLOMIPHENEESTROPIPATEELACESTRANTCHF4227MESTRANOL,1
ESR1.TOREMIFENEAZD-9496BRILANESTRANTQUINESTROLLASOFOXIFENEDIENESTROLGTX-758CENESTINCYCLOFENILGESTRINONEBAZEDOXIFENEDIETHYLSTILBESTROLMITOTANEESTROGENCLOMIPHENEESTROPIPATEELACESTRANTCHF4227MESTRANOLFULVESTRANT,1
ESR1.TOREMIFENEAZD-9496BRILANESTRANTQUINESTROLLASOFOXIFENEDIENESTROLGTX-758CENESTINCYCLOFENILGESTRINONEBAZEDOXIFENEDIETHYLSTILBESTROLMITOTANEESTROGENCLOMIPHENEESTROPIPATEELACESTRANTCHF4227MESTRANOLFULVESTRANTPROMESTRIENE,1
ESR1.TOREMIFENEAZD-9496BRILANESTRANTQUINESTROLLASOFOXIFENEDIENESTROLGTX-758CENESTINCYCLOFENILGESTRINONEBAZEDOXIFENEDIETHYLSTILBESTROLMITOTANEESTROGENCLOMIPHENEESTROPIPATEELACESTRANTCHF4227MESTRANOLFULVESTRANTPROMESTRIENEDIETHYLSTILBESTROL DIPHOSPHATE,1
ESR1.TOREMIFENEAZD-9496BRILANESTRANTQUINESTROLLASOFOXIFENEDIENESTROLGTX-758CENESTINCYCLOFENILGESTRINONEBAZEDOXIFENEDIETHYLSTILBESTROLMITOTANEESTROGENCLOMIPHENEESTROPIPATEELACESTRANTCHF4227MESTRANOLFULVESTRANTPROMESTRIENEDIETHYLSTILBESTROL DIPHOSPHATEESTRADIOL,1
ESR1.TOREMIFENEAZD-9496BRILANESTRANTQUINESTROLLASOFOXIFENEDIENESTROLGTX-758CENESTINCYCLOFENILGESTRINONEBAZEDOXIFENEDIETHYLSTILBESTROLMITOTANEESTROGENCLOMIPHENEESTROPIPATEELACESTRANTCHF4227MESTRANOLFULVESTRANTPROMESTRIENEDIETHYLSTILBESTROL DIPHOSPHATEESTRADIOLACOLBIFENE,1
ESR1.TOREMIFENEAZD-9496BRILANESTRANTQUINESTROLLASOFOXIFENEDIENESTROLGTX-758CENESTINCYCLOFENILGESTRINONEBAZEDOXIFENEDIETHYLSTILBESTROLMITOTANEESTROGENCLOMIPHENEESTROPIPATEELACESTRANTCHF4227MESTRANOLFULVESTRANTPROMESTRIENEDIETHYLSTILBESTROL DIPHOSPHATEESTRADIOLACOLBIFENEOSPEMIFENE,1
ESR1.TOREMIFENEAZD-9496BRILANESTRANTQUINESTROLLASOFOXIFENEDIENESTROLGTX-758CENESTINCYCLOFENILGESTRINONEBAZEDOXIFENEDIETHYLSTILBESTROLMITOTANEESTROGENCLOMIPHENEESTROPIPATEELACESTRANTCHF4227MESTRANOLFULVESTRANTPROMESTRIENEDIETHYLSTILBESTROL DIPHOSPHATEESTRADIOLACOLBIFENEOSPEMIFENEESTRONE,1
ESR1.TOREMIFENEAZD-9496BRILANESTRANTQUINESTROLLASOFOXIFENEDIENESTROLGTX-758CENESTINCYCLOFENILGESTRINONEBAZEDOXIFENEDIETHYLSTILBESTROLMITOTANEESTROGENCLOMIPHENEESTROPIPATEELACESTRANTCHF4227MESTRANOLFULVESTRANTPROMESTRIENEDIETHYLSTILBESTROL DIPHOSPHATEESTRADIOLACOLBIFENEOSPEMIFENEESTRONEESTETROL,1
ESR1.TOREMIFENEAZD-9496BRILANESTRANTQUINESTROLLASOFOXIFENEDIENESTROLGTX-758CENESTINCYCLOFENILGESTRINONEBAZEDOXIFENEDIETHYLSTILBESTROLMITOTANEESTROGENCLOMIPHENEESTROPIPATEELACESTRANTCHF4227MESTRANOLFULVESTRANTPROMESTRIENEDIETHYLSTILBESTROL DIPHOSPHATEESTRADIOLACOLBIFENEOSPEMIFENEESTRONEESTETROLTAMOXIFEN,1
ESR1.TOREMIFENEAZD-9496BRILANESTRANTQUINESTROLLASOFOXIFENEDIENESTROLGTX-758CENESTINCYCLOFENILGESTRINONEBAZEDOXIFENEDIETHYLSTILBESTROLMITOTANEESTROGENCLOMIPHENEESTROPIPATEELACESTRANTCHF4227MESTRANOLFULVESTRANTPROMESTRIENEDIETHYLSTILBESTROL DIPHOSPHATEESTRADIOLACOLBIFENEOSPEMIFENEESTRONEESTETROLTAMOXIFENCHLOROTRIANISENE,1
ESR1.TOREMIFENEAZD-9496BRILANESTRANTQUINESTROLLASOFOXIFENEDIENESTROLGTX-758CENESTINCYCLOFENILGESTRINONEBAZEDOXIFENEDIETHYLSTILBESTROLMITOTANEESTROGENCLOMIPHENEESTROPIPATEELACESTRANTCHF4227MESTRANOLFULVESTRANTPROMESTRIENEDIETHYLSTILBESTROL DIPHOSPHATEESTRADIOLACOLBIFENEOSPEMIFENEESTRONEESTETROLTAMOXIFENCHLOROTRIANISENEAFIMOXIFENE,1
ESR1.TOREMIFENEAZD-9496BRILANESTRANTQUINESTROLLASOFOXIFENEDIENESTROLGTX-758CENESTINCYCLOFENILGESTRINONEBAZEDOXIFENEDIETHYLSTILBESTROLMITOTANEESTROGENCLOMIPHENEESTROPIPATEELACESTRANTCHF4227MESTRANOLFULVESTRANTPROMESTRIENEDIETHYLSTILBESTROL DIPHOSPHATEESTRADIOLACOLBIFENEOSPEMIFENEESTRONEESTETROLTAMOXIFENCHLOROTRIANISENEAFIMOXIFENEENDOXIFEN,1
ESR1.TOREMIFENEAZD-9496BRILANESTRANTQUINESTROLLASOFOXIFENEDIENESTROLGTX-758CENESTINCYCLOFENILGESTRINONEBAZEDOXIFENEDIETHYLSTILBESTROLMITOTANEESTROGENCLOMIPHENEESTROPIPATEELACESTRANTCHF4227MESTRANOLFULVESTRANTPROMESTRIENEDIETHYLSTILBESTROL DIPHOSPHATEESTRADIOLACOLBIFENEOSPEMIFENEESTRONEESTETROLTAMOXIFENCHLOROTRIANISENEAFIMOXIFENEENDOXIFENRALOXIFENE,1
ESR1.TOREMIFENEAZD-9496BRILANESTRANTQUINESTROLLASOFOXIFENEDIENESTROLGTX-758CENESTINCYCLOFENILGESTRINONEBAZEDOXIFENEDIETHYLSTILBESTROLMITOTANEESTROGENCLOMIPHENEESTROPIPATEELACESTRANTCHF4227MESTRANOLFULVESTRANTPROMESTRIENEDIETHYLSTILBESTROL DIPHOSPHATEESTRADIOLACOLBIFENEOSPEMIFENEESTRONEESTETROLTAMOXIFENCHLOROTRIANISENEAFIMOXIFENEENDOXIFENRALOXIFENEDANAZOL,1
ESR1.TOREMIFENEAZD-9496BRILANESTRANTQUINESTROLLASOFOXIFENEDIENESTROLGTX-758CENESTINCYCLOFENILGESTRINONEBAZEDOXIFENEDIETHYLSTILBESTROLMITOTANEESTROGENCLOMIPHENEESTROPIPATEELACESTRANTCHF4227MESTRANOLFULVESTRANTPROMESTRIENEDIETHYLSTILBESTROL DIPHOSPHATEESTRADIOLACOLBIFENEOSPEMIFENEESTRONEESTETROLTAMOXIFENCHLOROTRIANISENEAFIMOXIFENEENDOXIFENRALOXIFENEDANAZOLARZOXIFENE,1
ESR1.TOREMIFENEAZD-9496BRILANESTRANTQUINESTROLLASOFOXIFENEDIENESTROLGTX-758CENESTINCYCLOFENILGESTRINONEBAZEDOXIFENEDIETHYLSTILBESTROLMITOTANEESTROGENCLOMIPHENEESTROPIPATEELACESTRANTCHF4227MESTRANOLFULVESTRANTPROMESTRIENEDIETHYLSTILBESTROL DIPHOSPHATEESTRADIOLACOLBIFENEOSPEMIFENEESTRONEESTETROLTAMOXIFENCHLOROTRIANISENEAFIMOXIFENEENDOXIFENRALOXIFENEDANAZOLARZOXIFENEICARITIN,1
ESR1.TOREMIFENEAZD-9496BRILANESTRANTQUINESTROLLASOFOXIFENEDIENESTROLGTX-758CENESTINCYCLOFENILGESTRINONEBAZEDOXIFENEDIETHYLSTILBESTROLMITOTANEESTROGENCLOMIPHENEESTROPIPATEELACESTRANTCHF4227MESTRANOLFULVESTRANTPROMESTRIENEDIETHYLSTILBESTROL DIPHOSPHATEESTRADIOLACOLBIFENEOSPEMIFENEESTRONEESTETROLTAMOXIFENCHLOROTRIANISENEAFIMOXIFENEENDOXIFENRALOXIFENEDANAZOLARZOXIFENEICARITINESTRIOL,1
PGR.TOSAGESTIN,1
PGR.TOSAGESTINETONOGESTREL,1
PGR.TOSAGESTINETONOGESTRELONAPRISTONE,1
PGR.TOSAGESTINETONOGESTRELONAPRISTONEPROGESTERONE,1
PGR.TOSAGESTINETONOGESTRELONAPRISTONEPROGESTERONEDESOGESTREL,1
PGR.TOSAGESTINETONOGESTRELONAPRISTONEPROGESTERONEDESOGESTRELULIPRISTAL,1
PGR.TOSAGESTINETONOGESTRELONAPRISTONEPROGESTERONEDESOGESTRELULIPRISTALLEVONORGESTREL,1
PGR.TOSAGESTINETONOGESTRELONAPRISTONEPROGESTERONEDESOGESTRELULIPRISTALLEVONORGESTRELNORETHINDRONE,1
PGR.TOSAGESTINETONOGESTRELONAPRISTONEPROGESTERONEDESOGESTRELULIPRISTALLEVONORGESTRELNORETHINDRONENORGESTIMATE,1
PGR.TOSAGESTINETONOGESTRELONAPRISTONEPROGESTERONEDESOGESTRELULIPRISTALLEVONORGESTRELNORETHINDRONENORGESTIMATEDYDROGESTERONE,1
PGR.TOSAGESTINETONOGESTRELONAPRISTONEPROGESTERONEDESOGESTRELULIPRISTALLEVONORGESTRELNORETHINDRONENORGESTIMATEDYDROGESTERONEMEDROXYPROGESTERONE ACETATE,1
PGR.TOSAGESTINETONOGESTRELONAPRISTONEPROGESTERONEDESOGESTRELULIPRISTALLEVONORGESTRELNORETHINDRONENORGESTIMATEDYDROGESTERONEMEDROXYPROGESTERONE ACETATEMEGESTROL,1
PGR.TOSAGESTINETONOGESTRELONAPRISTONEPROGESTERONEDESOGESTRELULIPRISTALLEVONORGESTRELNORETHINDRONENORGESTIMATEDYDROGESTERONEMEDROXYPROGESTERONE ACETATEMEGESTROLVILAPRISAN,1
FGFR2.TRAFERMIN,1
FGFR2.TRAFERMINRABEPRAZOLE SODIUM,5
FGFR2.TRAFERMINRABEPRAZOLE SODIUMPALIFERMIN,1
FGFR2.TRAFERMINRABEPRAZOLE SODIUMPALIFERMINAEE-788,2
FGFR2.TRAFERMINRABEPRAZOLE SODIUMPALIFERMINAEE-788MK-2461,6
FGFR2.TRAFERMINRABEPRAZOLE SODIUMPALIFERMINAEE-788MK-2461LY-2874455,1
MAOA.TRANYLCYPROMINE,1
MAOA.TRANYLCYPROMINEMOCLOBEMIDE,1
MAOA.TRANYLCYPROMINEMOCLOBEMIDEPIPERINE,1
MAOA.TRANYLCYPROMINEMOCLOBEMIDEPIPERINELADOSTIGIL,1
MAOA.TRANYLCYPROMINEMOCLOBEMIDEPIPERINELADOSTIGILHARMINE,2
MAOA.TRANYLCYPROMINEMOCLOBEMIDEPIPERINELADOSTIGILHARMINEPSORALEN,1
MAOA.TRANYLCYPROMINEMOCLOBEMIDEPIPERINELADOSTIGILHARMINEPSORALENISOCARBOXAZID,1
MAOA.TRANYLCYPROMINEMOCLOBEMIDEPIPERINELADOSTIGILHARMINEPSORALENISOCARBOXAZIDCLORGILINE,1
MAOA.TRANYLCYPROMINEMOCLOBEMIDEPIPERINELADOSTIGILHARMINEPSORALENISOCARBOXAZIDCLORGILINETRYPTAMINE,1
MAOA.TRANYLCYPROMINEMOCLOBEMIDEPIPERINELADOSTIGILHARMINEPSORALENISOCARBOXAZIDCLORGILINETRYPTAMINEINDANTADOL,1
FGFR3.TRAPIDIL,1
FGFR3.TRAPIDILBRIVANIB ALANINATE,1
FGFR3.TRAPIDILBRIVANIB ALANINATEVOFATAMAB,1
FGFR3.TRAPIDILBRIVANIB ALANINATEVOFATAMABRABEPRAZOLE SODIUM,5
FGFR3.TRAPIDILBRIVANIB ALANINATEVOFATAMABRABEPRAZOLE SODIUMAEE-788,2
FGFR3.TRAPIDILBRIVANIB ALANINATEVOFATAMABRABEPRAZOLE SODIUMAEE-788MK-2461,6
FGFR3.TRAPIDILBRIVANIB ALANINATEVOFATAMABRABEPRAZOLE SODIUMAEE-788MK-2461DOVITINIB,1
PTGIR.TREPROSTINIL,1
PTGIR.TREPROSTINILRALINEPAG,1
PTGIR.TREPROSTINILRALINEPAGLAROPIPRANT,2
PTGIR.TREPROSTINILRALINEPAGLAROPIPRANTESUBERAPROST,1
PTGIR.TREPROSTINILRALINEPAGLAROPIPRANTESUBERAPROSTEPOPROSTENOL,1
PTGIR.TREPROSTINILRALINEPAGLAROPIPRANTESUBERAPROSTEPOPROSTENOLMISOPROSTOL,1
PTGIR.TREPROSTINILRALINEPAGLAROPIPRANTESUBERAPROSTEPOPROSTENOLMISOPROSTOLSELEXIPAG,1
PTPN1.TRODUSQUEMINE,1
MAPK3.ULIXERTINIB,2
MAPK3.ULIXERTINIBRAVOXERTINIB,2
PTK2B.UPADACITINIB,2
PTK2B.UPADACITINIBBARICITINIB,3
PTK2B.UPADACITINIBBARICITINIBTESEVATINIB,1
PTK2B.UPADACITINIBBARICITINIBTESEVATINIBPEFICITINIB,2
PTK2B.UPADACITINIBBARICITINIBTESEVATINIBPEFICITINIBMASITINIB,2
PTK2B.UPADACITINIBBARICITINIBTESEVATINIBPEFICITINIBMASITINIBABROCITINIB,1
TGFB1.VACTOSERTIB,1
TGFB1.VACTOSERTIBPIRFENIDONE,1
TGFB1.VACTOSERTIBPIRFENIDONENIS-793,1
TGFB1.VACTOSERTIBPIRFENIDONENIS-793M-7824,1
TGFB1.VACTOSERTIBPIRFENIDONENIS-793M-7824SOTATERCEPT,1
TGFB1.VACTOSERTIBPIRFENIDONENIS-793M-7824SOTATERCEPTDISITERTIDE,1
CD33.VADASTUXIMAB TALIRINE,1
CD33.VADASTUXIMAB TALIRINEAMV-564,1
NFKB2.VADIMEZAN,1
NFKB2.VADIMEZANTRIPTOLIDE,1
NFKB2.VADIMEZANTRIPTOLIDEBORTEZOMIB,1
NFKB2.VADIMEZANTRIPTOLIDEBORTEZOMIBLAQUINIMOD,1
NFKB2.VADIMEZANTRIPTOLIDEBORTEZOMIBLAQUINIMODPARTHENOLIDE,2
NFKB2.VADIMEZANTRIPTOLIDEBORTEZOMIBLAQUINIMODPARTHENOLIDEEDASALONEXENT,1
NFKB2.VADIMEZANTRIPTOLIDEBORTEZOMIBLAQUINIMODPARTHENOLIDEEDASALONEXENTSULFASALAZINE,1
PTGS2.VALDECOXIB,1
PTGS2.VALDECOXIBIBUPROFEN,4
PTGS2.VALDECOXIBIBUPROFENFLURBIPROFEN,1
PTGS2.VALDECOXIBIBUPROFENFLURBIPROFENCURCUMIN,5
PTGS2.VALDECOXIBIBUPROFENFLURBIPROFENCURCUMINIMRECOXIB,1
PTGS2.VALDECOXIBIBUPROFENFLURBIPROFENCURCUMINIMRECOXIBRWJ-67657,1
PTGS2.VALDECOXIBIBUPROFENFLURBIPROFENCURCUMINIMRECOXIBRWJ-67657INDOMETHACIN,1
PTGS2.VALDECOXIBIBUPROFENFLURBIPROFENCURCUMINIMRECOXIBRWJ-67657INDOMETHACINDIFLUNISAL,1
PTGS2.VALDECOXIBIBUPROFENFLURBIPROFENCURCUMINIMRECOXIBRWJ-67657INDOMETHACINDIFLUNISALKETOPROFEN,1
PTGS2.VALDECOXIBIBUPROFENFLURBIPROFENCURCUMINIMRECOXIBRWJ-67657INDOMETHACINDIFLUNISALKETOPROFENNABUMETONE,1
PTGS2.VALDECOXIBIBUPROFENFLURBIPROFENCURCUMINIMRECOXIBRWJ-67657INDOMETHACINDIFLUNISALKETOPROFENNABUMETONEFENBUFEN,1
PTGS2.VALDECOXIBIBUPROFENFLURBIPROFENCURCUMINIMRECOXIBRWJ-67657INDOMETHACINDIFLUNISALKETOPROFENNABUMETONEFENBUFENDARBUFELONE,2
PTGS2.VALDECOXIBIBUPROFENFLURBIPROFENCURCUMINIMRECOXIBRWJ-67657INDOMETHACINDIFLUNISALKETOPROFENNABUMETONEFENBUFENDARBUFELONECARPROFEN,1
PTGS2.VALDECOXIBIBUPROFENFLURBIPROFENCURCUMINIMRECOXIBRWJ-67657INDOMETHACINDIFLUNISALKETOPROFENNABUMETONEFENBUFENDARBUFELONECARPROFENNAPROXEN,1
PTGS2.VALDECOXIBIBUPROFENFLURBIPROFENCURCUMINIMRECOXIBRWJ-67657INDOMETHACINDIFLUNISALKETOPROFENNABUMETONEFENBUFENDARBUFELONECARPROFENNAPROXENPHENYLBUTAZONE,1
PTGS2.VALDECOXIBIBUPROFENFLURBIPROFENCURCUMINIMRECOXIBRWJ-67657INDOMETHACINDIFLUNISALKETOPROFENNABUMETONEFENBUFENDARBUFELONECARPROFENNAPROXENPHENYLBUTAZONEROFECOXIB,1
PTGS2.VALDECOXIBIBUPROFENFLURBIPROFENCURCUMINIMRECOXIBRWJ-67657INDOMETHACINDIFLUNISALKETOPROFENNABUMETONEFENBUFENDARBUFELONECARPROFENNAPROXENPHENYLBUTAZONEROFECOXIBETORICOXIB,1
PTGS2.VALDECOXIBIBUPROFENFLURBIPROFENCURCUMINIMRECOXIBRWJ-67657INDOMETHACINDIFLUNISALKETOPROFENNABUMETONEFENBUFENDARBUFELONECARPROFENNAPROXENPHENYLBUTAZONEROFECOXIBETORICOXIBCIMICOXIB,1
PTGS2.VALDECOXIBIBUPROFENFLURBIPROFENCURCUMINIMRECOXIBRWJ-67657INDOMETHACINDIFLUNISALKETOPROFENNABUMETONEFENBUFENDARBUFELONECARPROFENNAPROXENPHENYLBUTAZONEROFECOXIBETORICOXIBCIMICOXIBTOLMETIN,1
PTGS2.VALDECOXIBIBUPROFENFLURBIPROFENCURCUMINIMRECOXIBRWJ-67657INDOMETHACINDIFLUNISALKETOPROFENNABUMETONEFENBUFENDARBUFELONECARPROFENNAPROXENPHENYLBUTAZONEROFECOXIBETORICOXIBCIMICOXIBTOLMETINCELECOXIB,1
PTGS2.VALDECOXIBIBUPROFENFLURBIPROFENCURCUMINIMRECOXIBRWJ-67657INDOMETHACINDIFLUNISALKETOPROFENNABUMETONEFENBUFENDARBUFELONECARPROFENNAPROXENPHENYLBUTAZONEROFECOXIBETORICOXIBCIMICOXIBTOLMETINCELECOXIBMELOXICAM,1
PTGS2.VALDECOXIBIBUPROFENFLURBIPROFENCURCUMINIMRECOXIBRWJ-67657INDOMETHACINDIFLUNISALKETOPROFENNABUMETONEFENBUFENDARBUFELONECARPROFENNAPROXENPHENYLBUTAZONEROFECOXIBETORICOXIBCIMICOXIBTOLMETINCELECOXIBMELOXICAMTENOXICAM,1
PTGS2.VALDECOXIBIBUPROFENFLURBIPROFENCURCUMINIMRECOXIBRWJ-67657INDOMETHACINDIFLUNISALKETOPROFENNABUMETONEFENBUFENDARBUFELONECARPROFENNAPROXENPHENYLBUTAZONEROFECOXIBETORICOXIBCIMICOXIBTOLMETINCELECOXIBMELOXICAMTENOXICAMPOLMACOXIB,2
PTGS2.VALDECOXIBIBUPROFENFLURBIPROFENCURCUMINIMRECOXIBRWJ-67657INDOMETHACINDIFLUNISALKETOPROFENNABUMETONEFENBUFENDARBUFELONECARPROFENNAPROXENPHENYLBUTAZONEROFECOXIBETORICOXIBCIMICOXIBTOLMETINCELECOXIBMELOXICAMTENOXICAMPOLMACOXIBETODOLAC,1
PTGS2.VALDECOXIBIBUPROFENFLURBIPROFENCURCUMINIMRECOXIBRWJ-67657INDOMETHACINDIFLUNISALKETOPROFENNABUMETONEFENBUFENDARBUFELONECARPROFENNAPROXENPHENYLBUTAZONEROFECOXIBETORICOXIBCIMICOXIBTOLMETINCELECOXIBMELOXICAMTENOXICAMPOLMACOXIBETODOLACLUMIRACOXIB,1
EGFR.VANDETANIB,2
EGFR.VANDETANIBPANITUMUMAB,1
EGFR.VANDETANIBPANITUMUMABDEPATUXIZUMAB,1
EGFR.VANDETANIBPANITUMUMABDEPATUXIZUMABVARLITINIB,2
EGFR.VANDETANIBPANITUMUMABDEPATUXIZUMABVARLITINIBLAPATINIB,2
EGFR.VANDETANIBPANITUMUMABDEPATUXIZUMABVARLITINIBLAPATINIBBMS-690514,2
EGFR.VANDETANIBPANITUMUMABDEPATUXIZUMABVARLITINIBLAPATINIBBMS-690514CETUXIMAB,1
EGFR.VANDETANIBPANITUMUMABDEPATUXIZUMABVARLITINIBLAPATINIBBMS-690514CETUXIMABCUDC-101,2
EGFR.VANDETANIBPANITUMUMABDEPATUXIZUMABVARLITINIBLAPATINIBBMS-690514CETUXIMABCUDC-101NITROGLYCERIN,1
EGFR.VANDETANIBPANITUMUMABDEPATUXIZUMABVARLITINIBLAPATINIBBMS-690514CETUXIMABCUDC-101NITROGLYCERINNECITUMUMAB,1
EGFR.VANDETANIBPANITUMUMABDEPATUXIZUMABVARLITINIBLAPATINIBBMS-690514CETUXIMABCUDC-101NITROGLYCERINNECITUMUMABDULIGOTUZUMAB,2
EGFR.VANDETANIBPANITUMUMABDEPATUXIZUMABVARLITINIBLAPATINIBBMS-690514CETUXIMABCUDC-101NITROGLYCERINNECITUMUMABDULIGOTUZUMABOSIMERTINIB,1
EGFR.VANDETANIBPANITUMUMABDEPATUXIZUMABVARLITINIBLAPATINIBBMS-690514CETUXIMABCUDC-101NITROGLYCERINNECITUMUMABDULIGOTUZUMABOSIMERTINIBALLITINIB,1
EGFR.VANDETANIBPANITUMUMABDEPATUXIZUMABVARLITINIBLAPATINIBBMS-690514CETUXIMABCUDC-101NITROGLYCERINNECITUMUMABDULIGOTUZUMABOSIMERTINIBALLITINIBDACOMITINIB,2
EGFR.VANDETANIBPANITUMUMABDEPATUXIZUMABVARLITINIBLAPATINIBBMS-690514CETUXIMABCUDC-101NITROGLYCERINNECITUMUMABDULIGOTUZUMABOSIMERTINIBALLITINIBDACOMITINIBDEPATUXIZUMAB MAFODOTIN,1
EGFR.VANDETANIBPANITUMUMABDEPATUXIZUMABVARLITINIBLAPATINIBBMS-690514CETUXIMABCUDC-101NITROGLYCERINNECITUMUMABDULIGOTUZUMABOSIMERTINIBALLITINIBDACOMITINIBDEPATUXIZUMAB MAFODOTINS-222611,2
EGFR.VANDETANIBPANITUMUMABDEPATUXIZUMABVARLITINIBLAPATINIBBMS-690514CETUXIMABCUDC-101NITROGLYCERINNECITUMUMABDULIGOTUZUMABOSIMERTINIBALLITINIBDACOMITINIBDEPATUXIZUMAB MAFODOTINS-222611FUTUXIMAB,1
EGFR.VANDETANIBPANITUMUMABDEPATUXIZUMABVARLITINIBLAPATINIBBMS-690514CETUXIMABCUDC-101NITROGLYCERINNECITUMUMABDULIGOTUZUMABOSIMERTINIBALLITINIBDACOMITINIBDEPATUXIZUMAB MAFODOTINS-222611FUTUXIMABVATALANIB,1
EGFR.VANDETANIBPANITUMUMABDEPATUXIZUMABVARLITINIBLAPATINIBBMS-690514CETUXIMABCUDC-101NITROGLYCERINNECITUMUMABDULIGOTUZUMABOSIMERTINIBALLITINIBDACOMITINIBDEPATUXIZUMAB MAFODOTINS-222611FUTUXIMABVATALANIBMATUZUMAB,1
EGFR.VANDETANIBPANITUMUMABDEPATUXIZUMABVARLITINIBLAPATINIBBMS-690514CETUXIMABCUDC-101NITROGLYCERINNECITUMUMABDULIGOTUZUMABOSIMERTINIBALLITINIBDACOMITINIBDEPATUXIZUMAB MAFODOTINS-222611FUTUXIMABVATALANIBMATUZUMABLY-3164530,2
EGFR.VANDETANIBPANITUMUMABDEPATUXIZUMABVARLITINIBLAPATINIBBMS-690514CETUXIMABCUDC-101NITROGLYCERINNECITUMUMABDULIGOTUZUMABOSIMERTINIBALLITINIBDACOMITINIBDEPATUXIZUMAB MAFODOTINS-222611FUTUXIMABVATALANIBMATUZUMABLY-3164530ROCILETINIB,1
EGFR.VANDETANIBPANITUMUMABDEPATUXIZUMABVARLITINIBLAPATINIBBMS-690514CETUXIMABCUDC-101NITROGLYCERINNECITUMUMABDULIGOTUZUMABOSIMERTINIBALLITINIBDACOMITINIBDEPATUXIZUMAB MAFODOTINS-222611FUTUXIMABVATALANIBMATUZUMABLY-3164530ROCILETINIBPELITINIB,1
EGFR.VANDETANIBPANITUMUMABDEPATUXIZUMABVARLITINIBLAPATINIBBMS-690514CETUXIMABCUDC-101NITROGLYCERINNECITUMUMABDULIGOTUZUMABOSIMERTINIBALLITINIBDACOMITINIBDEPATUXIZUMAB MAFODOTINS-222611FUTUXIMABVATALANIBMATUZUMABLY-3164530ROCILETINIBPELITINIBGEFITINIB,1
EGFR.VANDETANIBPANITUMUMABDEPATUXIZUMABVARLITINIBLAPATINIBBMS-690514CETUXIMABCUDC-101NITROGLYCERINNECITUMUMABDULIGOTUZUMABOSIMERTINIBALLITINIBDACOMITINIBDEPATUXIZUMAB MAFODOTINS-222611FUTUXIMABVATALANIBMATUZUMABLY-3164530ROCILETINIBPELITINIBGEFITINIBZALUTUMUMAB,1
EGFR.VANDETANIBPANITUMUMABDEPATUXIZUMABVARLITINIBLAPATINIBBMS-690514CETUXIMABCUDC-101NITROGLYCERINNECITUMUMABDULIGOTUZUMABOSIMERTINIBALLITINIBDACOMITINIBDEPATUXIZUMAB MAFODOTINS-222611FUTUXIMABVATALANIBMATUZUMABLY-3164530ROCILETINIBPELITINIBGEFITINIBZALUTUMUMABNAQUOTINIB,1
EGFR.VANDETANIBPANITUMUMABDEPATUXIZUMABVARLITINIBLAPATINIBBMS-690514CETUXIMABCUDC-101NITROGLYCERINNECITUMUMABDULIGOTUZUMABOSIMERTINIBALLITINIBDACOMITINIBDEPATUXIZUMAB MAFODOTINS-222611FUTUXIMABVATALANIBMATUZUMABLY-3164530ROCILETINIBPELITINIBGEFITINIBZALUTUMUMABNAQUOTINIBERLOTINIB,1
EGFR.VANDETANIBPANITUMUMABDEPATUXIZUMABVARLITINIBLAPATINIBBMS-690514CETUXIMABCUDC-101NITROGLYCERINNECITUMUMABDULIGOTUZUMABOSIMERTINIBALLITINIBDACOMITINIBDEPATUXIZUMAB MAFODOTINS-222611FUTUXIMABVATALANIBMATUZUMABLY-3164530ROCILETINIBPELITINIBGEFITINIBZALUTUMUMABNAQUOTINIBERLOTINIBCHEMBL219557,3
EGFR.VANDETANIBPANITUMUMABDEPATUXIZUMABVARLITINIBLAPATINIBBMS-690514CETUXIMABCUDC-101NITROGLYCERINNECITUMUMABDULIGOTUZUMABOSIMERTINIBALLITINIBDACOMITINIBDEPATUXIZUMAB MAFODOTINS-222611FUTUXIMABVATALANIBMATUZUMABLY-3164530ROCILETINIBPELITINIBGEFITINIBZALUTUMUMABNAQUOTINIBERLOTINIBCHEMBL219557CANERTINIB,3
EGFR.VANDETANIBPANITUMUMABDEPATUXIZUMABVARLITINIBLAPATINIBBMS-690514CETUXIMABCUDC-101NITROGLYCERINNECITUMUMABDULIGOTUZUMABOSIMERTINIBALLITINIBDACOMITINIBDEPATUXIZUMAB MAFODOTINS-222611FUTUXIMABVATALANIBMATUZUMABLY-3164530ROCILETINIBPELITINIBGEFITINIBZALUTUMUMABNAQUOTINIBERLOTINIBCHEMBL219557CANERTINIBCETUXIMAB SAROTALOCAN,1
EGFR.VANDETANIBPANITUMUMABDEPATUXIZUMABVARLITINIBLAPATINIBBMS-690514CETUXIMABCUDC-101NITROGLYCERINNECITUMUMABDULIGOTUZUMABOSIMERTINIBALLITINIBDACOMITINIBDEPATUXIZUMAB MAFODOTINS-222611FUTUXIMABVATALANIBMATUZUMABLY-3164530ROCILETINIBPELITINIBGEFITINIBZALUTUMUMABNAQUOTINIBERLOTINIBCHEMBL219557CANERTINIBCETUXIMAB SAROTALOCANROGARATINIB,1
EGFR.VANDETANIBPANITUMUMABDEPATUXIZUMABVARLITINIBLAPATINIBBMS-690514CETUXIMABCUDC-101NITROGLYCERINNECITUMUMABDULIGOTUZUMABOSIMERTINIBALLITINIBDACOMITINIBDEPATUXIZUMAB MAFODOTINS-222611FUTUXIMABVATALANIBMATUZUMABLY-3164530ROCILETINIBPELITINIBGEFITINIBZALUTUMUMABNAQUOTINIBERLOTINIBCHEMBL219557CANERTINIBCETUXIMAB SAROTALOCANROGARATINIBAC-480,2
EGFR.VANDETANIBPANITUMUMABDEPATUXIZUMABVARLITINIBLAPATINIBBMS-690514CETUXIMABCUDC-101NITROGLYCERINNECITUMUMABDULIGOTUZUMABOSIMERTINIBALLITINIBDACOMITINIBDEPATUXIZUMAB MAFODOTINS-222611FUTUXIMABVATALANIBMATUZUMABLY-3164530ROCILETINIBPELITINIBGEFITINIBZALUTUMUMABNAQUOTINIBERLOTINIBCHEMBL219557CANERTINIBCETUXIMAB SAROTALOCANROGARATINIBAC-480NERATINIB,2
EGFR.VANDETANIBPANITUMUMABDEPATUXIZUMABVARLITINIBLAPATINIBBMS-690514CETUXIMABCUDC-101NITROGLYCERINNECITUMUMABDULIGOTUZUMABOSIMERTINIBALLITINIBDACOMITINIBDEPATUXIZUMAB MAFODOTINS-222611FUTUXIMABVATALANIBMATUZUMABLY-3164530ROCILETINIBPELITINIBGEFITINIBZALUTUMUMABNAQUOTINIBERLOTINIBCHEMBL219557CANERTINIBCETUXIMAB SAROTALOCANROGARATINIBAC-480NERATINIBRINDOPEPIMUT,1
EGFR.VANDETANIBPANITUMUMABDEPATUXIZUMABVARLITINIBLAPATINIBBMS-690514CETUXIMABCUDC-101NITROGLYCERINNECITUMUMABDULIGOTUZUMABOSIMERTINIBALLITINIBDACOMITINIBDEPATUXIZUMAB MAFODOTINS-222611FUTUXIMABVATALANIBMATUZUMABLY-3164530ROCILETINIBPELITINIBGEFITINIBZALUTUMUMABNAQUOTINIBERLOTINIBCHEMBL219557CANERTINIBCETUXIMAB SAROTALOCANROGARATINIBAC-480NERATINIBRINDOPEPIMUTSORAFENIB,3
EGFR.VANDETANIBPANITUMUMABDEPATUXIZUMABVARLITINIBLAPATINIBBMS-690514CETUXIMABCUDC-101NITROGLYCERINNECITUMUMABDULIGOTUZUMABOSIMERTINIBALLITINIBDACOMITINIBDEPATUXIZUMAB MAFODOTINS-222611FUTUXIMABVATALANIBMATUZUMABLY-3164530ROCILETINIBPELITINIBGEFITINIBZALUTUMUMABNAQUOTINIBERLOTINIBCHEMBL219557CANERTINIBCETUXIMAB SAROTALOCANROGARATINIBAC-480NERATINIBRINDOPEPIMUTSORAFENIBJNJ-26483327,6
EGFR.VANDETANIBPANITUMUMABDEPATUXIZUMABVARLITINIBLAPATINIBBMS-690514CETUXIMABCUDC-101NITROGLYCERINNECITUMUMABDULIGOTUZUMABOSIMERTINIBALLITINIBDACOMITINIBDEPATUXIZUMAB MAFODOTINS-222611FUTUXIMABVATALANIBMATUZUMABLY-3164530ROCILETINIBPELITINIBGEFITINIBZALUTUMUMABNAQUOTINIBERLOTINIBCHEMBL219557CANERTINIBCETUXIMAB SAROTALOCANROGARATINIBAC-480NERATINIBRINDOPEPIMUTSORAFENIBJNJ-26483327FALNIDAMOL,1
RET.VANDETANIB,2
RET.VANDETANIBSITRAVATINIB,2
RET.VANDETANIBSITRAVATINIBROMIPLOSTIM,5
RET.VANDETANIBSITRAVATINIBROMIPLOSTIMPRALSETINIB,1
RET.VANDETANIBSITRAVATINIBROMIPLOSTIMPRALSETINIBPONATINIB,4
RET.VANDETANIBSITRAVATINIBROMIPLOSTIMPRALSETINIBPONATINIBREGORAFENIB,2
RET.VANDETANIBSITRAVATINIBROMIPLOSTIMPRALSETINIBPONATINIBREGORAFENIBCEP-32496,2
ERBB2.VARLITINIB,2
ERBB2.VARLITINIBLAPATINIB,2
ERBB2.VARLITINIBLAPATINIBCUDC-101,2
ERBB2.VARLITINIBLAPATINIBCUDC-101MASOPROCOL,1
ERBB2.VARLITINIBLAPATINIBCUDC-101MASOPROCOLSAPITINIB,1
ERBB2.VARLITINIBLAPATINIBCUDC-101MASOPROCOLSAPITINIBMEDI-4276,1
ERBB2.VARLITINIBLAPATINIBCUDC-101MASOPROCOLSAPITINIBMEDI-4276MM-111,1
ERBB2.VARLITINIBLAPATINIBCUDC-101MASOPROCOLSAPITINIBMEDI-4276MM-111CP-724714,1
ERBB2.VARLITINIBLAPATINIBCUDC-101MASOPROCOLSAPITINIBMEDI-4276MM-111CP-724714DACOMITINIB,2
ERBB2.VARLITINIBLAPATINIBCUDC-101MASOPROCOLSAPITINIBMEDI-4276MM-111CP-724714DACOMITINIBERTUMAXOMAB,1
ERBB2.VARLITINIBLAPATINIBCUDC-101MASOPROCOLSAPITINIBMEDI-4276MM-111CP-724714DACOMITINIBERTUMAXOMABS-222611,2
ERBB2.VARLITINIBLAPATINIBCUDC-101MASOPROCOLSAPITINIBMEDI-4276MM-111CP-724714DACOMITINIBERTUMAXOMABS-222611TUCATINIB,1
ERBB2.VARLITINIBLAPATINIBCUDC-101MASOPROCOLSAPITINIBMEDI-4276MM-111CP-724714DACOMITINIBERTUMAXOMABS-222611TUCATINIBTAK-285,1
ERBB2.VARLITINIBLAPATINIBCUDC-101MASOPROCOLSAPITINIBMEDI-4276MM-111CP-724714DACOMITINIBERTUMAXOMABS-222611TUCATINIBTAK-285ZENOCUTUZUMAB,1
ERBB2.VARLITINIBLAPATINIBCUDC-101MASOPROCOLSAPITINIBMEDI-4276MM-111CP-724714DACOMITINIBERTUMAXOMABS-222611TUCATINIBTAK-285ZENOCUTUZUMABCANERTINIB,3
ERBB2.VARLITINIBLAPATINIBCUDC-101MASOPROCOLSAPITINIBMEDI-4276MM-111CP-724714DACOMITINIBERTUMAXOMABS-222611TUCATINIBTAK-285ZENOCUTUZUMABCANERTINIBADO-TRASTUZUMAB EMTANSINE,1
ERBB2.VARLITINIBLAPATINIBCUDC-101MASOPROCOLSAPITINIBMEDI-4276MM-111CP-724714DACOMITINIBERTUMAXOMABS-222611TUCATINIBTAK-285ZENOCUTUZUMABCANERTINIBADO-TRASTUZUMAB EMTANSINEAC-480,2
ERBB2.VARLITINIBLAPATINIBCUDC-101MASOPROCOLSAPITINIBMEDI-4276MM-111CP-724714DACOMITINIBERTUMAXOMABS-222611TUCATINIBTAK-285ZENOCUTUZUMABCANERTINIBADO-TRASTUZUMAB EMTANSINEAC-480MARGETUXIMAB,1
ERBB2.VARLITINIBLAPATINIBCUDC-101MASOPROCOLSAPITINIBMEDI-4276MM-111CP-724714DACOMITINIBERTUMAXOMABS-222611TUCATINIBTAK-285ZENOCUTUZUMABCANERTINIBADO-TRASTUZUMAB EMTANSINEAC-480MARGETUXIMABNERATINIB,2
ERBB2.VARLITINIBLAPATINIBCUDC-101MASOPROCOLSAPITINIBMEDI-4276MM-111CP-724714DACOMITINIBERTUMAXOMABS-222611TUCATINIBTAK-285ZENOCUTUZUMABCANERTINIBADO-TRASTUZUMAB EMTANSINEAC-480MARGETUXIMABNERATINIBGANCOTAMAB,1
ERBB2.VARLITINIBLAPATINIBCUDC-101MASOPROCOLSAPITINIBMEDI-4276MM-111CP-724714DACOMITINIBERTUMAXOMABS-222611TUCATINIBTAK-285ZENOCUTUZUMABCANERTINIBADO-TRASTUZUMAB EMTANSINEAC-480MARGETUXIMABNERATINIBGANCOTAMABJNJ-26483327,6
ERBB2.VARLITINIBLAPATINIBCUDC-101MASOPROCOLSAPITINIBMEDI-4276MM-111CP-724714DACOMITINIBERTUMAXOMABS-222611TUCATINIBTAK-285ZENOCUTUZUMABCANERTINIBADO-TRASTUZUMAB EMTANSINEAC-480MARGETUXIMABNERATINIBGANCOTAMABJNJ-26483327TRASTUZUMAB,1
ERBB2.VARLITINIBLAPATINIBCUDC-101MASOPROCOLSAPITINIBMEDI-4276MM-111CP-724714DACOMITINIBERTUMAXOMABS-222611TUCATINIBTAK-285ZENOCUTUZUMABCANERTINIBADO-TRASTUZUMAB EMTANSINEAC-480MARGETUXIMABNERATINIBGANCOTAMABJNJ-26483327TRASTUZUMABPERTUZUMAB,1
VEGFC.VGX-100,1
HSP90B1.VIAGENPUMATUCEL-L,2
TUBB4B.VINBLASTINE,1
TUBB4B.VINBLASTINEDOLASTATIN-10,1
F2R.VORAPAXAR,1
F2R.VORAPAXARATOPAXAR,1
ROCK1.Y-39983,1
ROCK1.Y-39983AT-13148,1
ROCK1.Y-39983AT-13148NETARSUDIL,1
ROCK1.Y-39983AT-13148NETARSUDILCI-1040,9
ROCK1.Y-39983AT-13148NETARSUDILCI-1040NETARSUDIL DIMESYLATE,1
ROCK1.Y-39983AT-13148NETARSUDILCI-1040NETARSUDIL DIMESYLATEFASUDIL,1
ROCK1.Y-39983AT-13148NETARSUDILCI-1040NETARSUDIL DIMESYLATEFASUDILSAR-407899,1
ROCK1.Y-39983AT-13148NETARSUDILCI-1040NETARSUDIL DIMESYLATEFASUDILSAR-407899VEROSUDIL,1
