Genes.SERPINA1.ALPHA.1-PROTEINASE INHIBITOR HUMAN,1
Genes.SERPINA1.ALPHA.1-PROTEINASE INHIBITOR HUMANIGMESINE,1
Genes.FLT3.4SC-203,1
Genes.FLT3.4SC-203FAMITINIB,4
Genes.FLT3.4SC-203FAMITINIBBMS-690514,2
Genes.FLT3.4SC-203FAMITINIBBMS-690514PACRITINIB,2
Genes.FLT3.4SC-203FAMITINIBBMS-690514PACRITINIBQUIZARTINIB,1
Genes.FLT3.4SC-203FAMITINIBBMS-690514PACRITINIBQUIZARTINIBZIDOVUDINE,1
Genes.FLT3.4SC-203FAMITINIBBMS-690514PACRITINIBQUIZARTINIBZIDOVUDINEKW-2449,3
Genes.FLT3.4SC-203FAMITINIBBMS-690514PACRITINIBQUIZARTINIBZIDOVUDINEKW-2449TAK-659,2
Genes.FLT3.4SC-203FAMITINIBBMS-690514PACRITINIBQUIZARTINIBZIDOVUDINEKW-2449TAK-659NINTEDANIB,2
Genes.FLT3.4SC-203FAMITINIBBMS-690514PACRITINIBQUIZARTINIBZIDOVUDINEKW-2449TAK-659NINTEDANIBIMC-EB10,1
Genes.FLT3.4SC-203FAMITINIBBMS-690514PACRITINIBQUIZARTINIBZIDOVUDINEKW-2449TAK-659NINTEDANIBIMC-EB10MIDOSTAURIN,2
Genes.FLT3.4SC-203FAMITINIBBMS-690514PACRITINIBQUIZARTINIBZIDOVUDINEKW-2449TAK-659NINTEDANIBIMC-EB10MIDOSTAURINPEXIDARTINIB,2
Genes.FLT3.4SC-203FAMITINIBBMS-690514PACRITINIBQUIZARTINIBZIDOVUDINEKW-2449TAK-659NINTEDANIBIMC-EB10MIDOSTAURINPEXIDARTINIBPONATINIB,4
Genes.FLT3.4SC-203FAMITINIBBMS-690514PACRITINIBQUIZARTINIBZIDOVUDINEKW-2449TAK-659NINTEDANIBIMC-EB10MIDOSTAURINPEXIDARTINIBPONATINIBGILTERITINIB,1
Genes.FLT3.4SC-203FAMITINIBBMS-690514PACRITINIBQUIZARTINIBZIDOVUDINEKW-2449TAK-659NINTEDANIBIMC-EB10MIDOSTAURINPEXIDARTINIBPONATINIBGILTERITINIBMK-2461,6
Genes.FLT3.4SC-203FAMITINIBBMS-690514PACRITINIBQUIZARTINIBZIDOVUDINEKW-2449TAK-659NINTEDANIBIMC-EB10MIDOSTAURINPEXIDARTINIBPONATINIBGILTERITINIBMK-2461LESTAURTINIB,1
Genes.CD80.ABATACEPT,2
Genes.CD80.ABATACEPTGALIXIMAB,1
Genes.CD80.ABATACEPTGALIXIMABVIAGENPUMATUCEL-L,2
Genes.CD86.ABATACEPT,2
Genes.ITGAV.ABITUZUMAB,1
Genes.ITGAV.ABITUZUMABIMGN-388,1
Genes.THBS1.ABT-510,1
Genes.CXCL8.ABX-IL8,1
Genes.CXCL8.ABX-IL8IBUPROFEN,4
Genes.PIK3CD.ACALISIB,1
Genes.PIK3CD.ACALISIBDUVELISIB,2
Genes.PIK3CD.ACALISIBDUVELISIBGS-9901,1
Genes.PIK3CD.ACALISIBDUVELISIBGS-9901UMBRALISIB TOSYLATE,2
Genes.PIK3CD.ACALISIBDUVELISIBGS-9901UMBRALISIB TOSYLATEBUPARLISIB,4
Genes.PIK3CD.ACALISIBDUVELISIBGS-9901UMBRALISIB TOSYLATEBUPARLISIBME-401,1
Genes.PIK3CD.ACALISIBDUVELISIBGS-9901UMBRALISIB TOSYLATEBUPARLISIBME-401IDELALISIB,1
Genes.PIK3CD.ACALISIBDUVELISIBGS-9901UMBRALISIB TOSYLATEBUPARLISIBME-401IDELALISIBPA-799,4
Genes.LTA4H.ACEBILUSTAT,1
Genes.STAT3.ACITRETIN,1
Genes.STAT3.ACITRETINATIPRIMOD,1
Genes.STAT3.ACITRETINATIPRIMODGOLOTIMOD,1
Genes.TF.ADEMETIONINE,1
Genes.ADAM10.ADERBASIB,2
Genes.VEGFB.AFLIBERCEPT,2
Genes.CD58.ALEFACEPT,1
Genes.GALT.ALGENPANTUCEL-L,1
Genes.ICAM1.ALICAFORSEN,1
Genes.ICAM1.ALICAFORSENBI-505,1
Genes.ICAM1.ALICAFORSENBI-505LIFITEGRAST,2
Genes.RXRA.ALITRETINOIN,2
Genes.RXRA.ALITRETINOINBEXAROTENE,1
Genes.RXRB.ALITRETINOIN,2
Genes.TEK.ALTIRATINIB,2
Genes.TEK.ALTIRATINIBCEP-11981,1
Genes.TEK.ALTIRATINIBCEP-11981RAZUPROTAFIB,1
Genes.TEK.ALTIRATINIBCEP-11981RAZUPROTAFIBREBASTINIB,2
Genes.PLAU.AMEDIPLASE,1
Genes.PLAU.AMEDIPLASEUROKINASE,1
Genes.PLAU.AMEDIPLASEUROKINASESARUPLASE,1
Genes.PLAU.AMEDIPLASEUROKINASESARUPLASEUPAMOSTAT,1
Genes.GLA.ANAMORELIN,1
Genes.GLA.ANAMORELINMALTOSE,1
Genes.GLA.ANAMORELINMALTOSEDUVOGLUSTAT,2
Genes.GLA.ANAMORELINMALTOSEDUVOGLUSTATMIGALASTAT,1
Genes.GLA.ANAMORELINMALTOSEDUVOGLUSTATMIGALASTATPEGUNIGALSIDASE ALFA,1
Genes.MMP9.ANDECALIXIMAB,1
Genes.MMP9.ANDECALIXIMABCURCUMIN,5
Genes.MMP9.ANDECALIXIMABCURCUMINTOZULERISTIDE,1
Genes.PTPRC.APAMISTAMAB IODINE I-131,1
Genes.HSPB1.APATORSEN,1
Genes.ADAM17.APRATASTAT,2
Genes.ADAM17.APRATASTATADERBASIB,2
Genes.MMP1.APRATASTAT,2
Genes.MMP1.APRATASTATMARIMASTAT,2
Genes.MMP1.APRATASTATMARIMASTATCIPEMASTAT,1
Genes.MMP1.APRATASTATMARIMASTATCIPEMASTATPRINOMASTAT,2
Genes.PDPK1.AR-12,1
Genes.CEACAM3.ARCITUMOMAB,1
Genes.MAPK12.ARRY-797,1
Genes.MAPK12.ARRY-797NEFLAMAPIMOD,3
Genes.MAPK12.ARRY-797NEFLAMAPIMODCI-1040,9
Genes.MAPK12.ARRY-797NEFLAMAPIMODCI-1040VALZIFLOCEPT,1
Genes.BIRC2.AT-406,2
Genes.BIRC2.AT-406BIRINAPANT,1
Genes.BIRC3.AT-406,2
Genes.C5AR1.AVACOPAN,1
Genes.KNG1.AVORALSTAT,1
Genes.KRAS.AZD-4785,1
Genes.PIK3CB.AZD-8186,2
Genes.PIK3CB.AZD-8186INK-1117,2
Genes.PIK3CB.AZD-8186INK-1117BIMIRALISIB,3
Genes.PIK3CB.AZD-8186INK-1117BIMIRALISIBBUPARLISIB,4
Genes.PIK3CB.AZD-8186INK-1117BIMIRALISIBBUPARLISIBPA-799,4
Genes.PIK3CB.AZD-8186INK-1117BIMIRALISIBBUPARLISIBPA-799GSK-2636771,1
Genes.PDE10A.BALIPODECT,1
Genes.PDE10A.BALIPODECTMARDEPODECT,1
Genes.CASP1.BELNACASAN,1
Genes.CASP1.BELNACASANNIVOCASAN,1
Genes.CASP1.BELNACASANNIVOCASANDIACEREIN,2
Genes.CASP1.BELNACASANNIVOCASANDIACEREINPRALNACASAN,1
Genes.ACLY.BEMPEDOIC ACID,1
Genes.IL5RA.BENRALIZUMAB,2
Genes.ABCC1.BENZBROMARONE,1
Genes.ABCC1.BENZBROMARONESULFINPYRAZONE,1
Genes.CCL11.BERTILIMUMAB,1
Genes.PTK2.BI-853520,1
Genes.PTK2.BI-853520PF-00562271,1
Genes.PTK2.BI-853520PF-00562271DEFACTINIB HYDROCHLORIDE,1
Genes.PTK2.BI-853520PF-00562271DEFACTINIB HYDROCHLORIDECEP-37440,1
Genes.PTK2.BI-853520PF-00562271DEFACTINIB HYDROCHLORIDECEP-37440GSK-2256098,1
Genes.PTK2.BI-853520PF-00562271DEFACTINIB HYDROCHLORIDECEP-37440GSK-2256098VS-4718,1
Genes.CCL2.BINDARIT,1
Genes.CCL2.BINDARITCARLUMAB,1
Genes.MAP2K7.BINIMETINIB,1
Genes.MAP2K7.BINIMETINIBRG-7420,1
Genes.GM2A.BIW-8962,1
Genes.AKT1.BMS-754807,1
Genes.AKT1.BMS-754807ARCHEXIN,1
Genes.AKT1.BMS-754807ARCHEXINENZASTAURIN,3
Genes.AKT1.BMS-754807ARCHEXINENZASTAURINMSC-2363318A,2
Genes.AKT1.BMS-754807ARCHEXINENZASTAURINMSC-2363318ACAPIVASERTIB,2
Genes.AKT1.BMS-754807ARCHEXINENZASTAURINMSC-2363318ACAPIVASERTIBCMX-2043,2
Genes.AKT1.BMS-754807ARCHEXINENZASTAURINMSC-2363318ACAPIVASERTIBCMX-2043CI-1040,9
Genes.AKT1.BMS-754807ARCHEXINENZASTAURINMSC-2363318ACAPIVASERTIBCMX-2043CI-1040CANERTINIB,3
Genes.AKT1.BMS-754807ARCHEXINENZASTAURINMSC-2363318ACAPIVASERTIBCMX-2043CI-1040CANERTINIBAFURESERTIB,2
Genes.AKT1.BMS-754807ARCHEXINENZASTAURINMSC-2363318ACAPIVASERTIBCMX-2043CI-1040CANERTINIBAFURESERTIBIPATASERTIB,1
Genes.CCR1.BMS-817399,1
Genes.CCR1.BMS-817399CCX354,1
Genes.TYK2.BREPOCITINIB,2
Genes.P2RY12.BRILINTA,1
Genes.P2RY12.BRILINTAREGRELOR DISODIUM,1
Genes.P2RY12.BRILINTAREGRELOR DISODIUMPRASUGREL,1
Genes.P2RY12.BRILINTAREGRELOR DISODIUMPRASUGRELELINOGREL,1
Genes.P2RY12.BRILINTAREGRELOR DISODIUMPRASUGRELELINOGRELCANGRELOR,1
Genes.P2RY12.BRILINTAREGRELOR DISODIUMPRASUGRELELINOGRELCANGRELORCLOPIDOGREL,1
Genes.FGF23.BUROSUMAB,1
Genes.PPP1CA.CANTHARIDIN,1
Genes.VWF.CAPLACIZUMAB,1
Genes.VCP.CB-5083,1
Genes.MAPKAPK2.CBP-501,2
Genes.MARK3.CBP-501,2
Genes.XPO1.CBS-9106,1
Genes.XPO1.CBS-9106SELINEXOR,1
Genes.CCR2.CCX140,1
Genes.CCR2.CCX140CENICRIVIROC,2
Genes.CCR2.CCX140CENICRIVIROCPIMAGEDINE,2
Genes.CCR2.CCX140CENICRIVIROCPIMAGEDINEMK-0812,1
Genes.CCR2.CCX140CENICRIVIROCPIMAGEDINEMK-0812AZD2423,1
Genes.CCR5.CENICRIVIROC,2
Genes.CCR5.CENICRIVIROCLERONLIMAB,1
Genes.CCR5.CENICRIVIROCLERONLIMABINCB-9471,1
Genes.CCR5.CENICRIVIROCLERONLIMABINCB-9471PF-232798,1
Genes.CCR5.CENICRIVIROCLERONLIMABINCB-9471PF-232798MARAVIROC,1
Genes.CCR5.CENICRIVIROCLERONLIMABINCB-9471PF-232798MARAVIROCVICRIVIROC,1
Genes.CCR5.CENICRIVIROCLERONLIMABINCB-9471PF-232798MARAVIROCVICRIVIROCCHEMBL207004,1
Genes.SYK.CERDULATINIB,3
Genes.SYK.CERDULATINIBTAK-659,2
Genes.SYK.CERDULATINIBTAK-659IMATINIB MESYLATE,2
Genes.SYK.CERDULATINIBTAK-659IMATINIB MESYLATEFOSTAMATINIB,1
Genes.SYK.CERDULATINIBTAK-659IMATINIB MESYLATEFOSTAMATINIBPRT-2607,1
Genes.SYK.CERDULATINIBTAK-659IMATINIB MESYLATEFOSTAMATINIBPRT-2607ENTOSPLETINIB,1
Genes.FASN.CERULENIN,1
Genes.FASN.CERULENINPRETOMANID,1
Genes.CYSLTR2.CHEMBL314115,1
Genes.CMA1.CHEMBL374027,2
Genes.CTSG.CHEMBL374027,2
Genes.PTPN6.CHEMBL472004,1
Genes.RPS6KA1.CHEMBL573107,3
Genes.RPS6KA2.CHEMBL573107,3
Genes.RPS6KA3.CHEMBL573107,3
Genes.MAPK1.CHIR-99021,2
Genes.MAPK1.CHIR-99021CI-1040,9
Genes.MAPK1.CHIR-99021CI-1040ULIXERTINIB,2
Genes.MAPK1.CHIR-99021CI-1040ULIXERTINIBRAVOXERTINIB,2
Genes.LCK.CI-1040,9
Genes.LCK.CI-1040TOZASERTIB,2
Genes.LCK.CI-1040TOZASERTIBJNJ-26483327,6
Genes.LCK.CI-1040TOZASERTIBJNJ-26483327DASATINIB,3
Genes.PRKCA.CI-1040,9
Genes.ADRB2.CLENBUTEROL,1
Genes.ADRB2.CLENBUTEROLBATEFENTEROL,1
Genes.ADRB2.CLENBUTEROLBATEFENTEROLPIRBUTEROL,1
Genes.ADRB2.CLENBUTEROLBATEFENTEROLPIRBUTEROLALBUTEROL,1
Genes.ADRB2.CLENBUTEROLBATEFENTEROLPIRBUTEROLALBUTEROLAZD3199,1
Genes.ADRB2.CLENBUTEROLBATEFENTEROLPIRBUTEROLALBUTEROLAZD3199LEVOSALBUTAMOL,1
Genes.ADRB2.CLENBUTEROLBATEFENTEROLPIRBUTEROLALBUTEROLAZD3199LEVOSALBUTAMOLSALMETEROL,1
Genes.ADRB2.CLENBUTEROLBATEFENTEROLPIRBUTEROLALBUTEROLAZD3199LEVOSALBUTAMOLSALMETEROLISOETHARINE,1
Genes.ADRB2.CLENBUTEROLBATEFENTEROLPIRBUTEROLALBUTEROLAZD3199LEVOSALBUTAMOLSALMETEROLISOETHARINEISOPROTERENOL,1
Genes.ADRB2.CLENBUTEROLBATEFENTEROLPIRBUTEROLALBUTEROLAZD3199LEVOSALBUTAMOLSALMETEROLISOETHARINEISOPROTERENOLOLODATEROL,1
Genes.ADRB2.CLENBUTEROLBATEFENTEROLPIRBUTEROLALBUTEROLAZD3199LEVOSALBUTAMOLSALMETEROLISOETHARINEISOPROTERENOLOLODATEROLTERBUTALINE,1
Genes.ADRB2.CLENBUTEROLBATEFENTEROLPIRBUTEROLALBUTEROLAZD3199LEVOSALBUTAMOLSALMETEROLISOETHARINEISOPROTERENOLOLODATEROLTERBUTALINECHEMBL111201,1
Genes.ADRB2.CLENBUTEROLBATEFENTEROLPIRBUTEROLALBUTEROLAZD3199LEVOSALBUTAMOLSALMETEROLISOETHARINEISOPROTERENOLOLODATEROLTERBUTALINECHEMBL111201ARFORMOTEROL,1
Genes.ADRB2.CLENBUTEROLBATEFENTEROLPIRBUTEROLALBUTEROLAZD3199LEVOSALBUTAMOLSALMETEROLISOETHARINEISOPROTERENOLOLODATEROLTERBUTALINECHEMBL111201ARFORMOTEROLBAMBUTEROL,1
Genes.ADRB2.CLENBUTEROLBATEFENTEROLPIRBUTEROLALBUTEROLAZD3199LEVOSALBUTAMOLSALMETEROLISOETHARINEISOPROTERENOLOLODATEROLTERBUTALINECHEMBL111201ARFORMOTEROLBAMBUTEROLFORMOTEROL,1
Genes.ADRB2.CLENBUTEROLBATEFENTEROLPIRBUTEROLALBUTEROLAZD3199LEVOSALBUTAMOLSALMETEROLISOETHARINEISOPROTERENOLOLODATEROLTERBUTALINECHEMBL111201ARFORMOTEROLBAMBUTEROLFORMOTEROLBEDORADRINE SULFATE,1
Genes.ADRB2.CLENBUTEROLBATEFENTEROLPIRBUTEROLALBUTEROLAZD3199LEVOSALBUTAMOLSALMETEROLISOETHARINEISOPROTERENOLOLODATEROLTERBUTALINECHEMBL111201ARFORMOTEROLBAMBUTEROLFORMOTEROLBEDORADRINE SULFATEBUCINDOLOL,1
Genes.ADRB2.CLENBUTEROLBATEFENTEROLPIRBUTEROLALBUTEROLAZD3199LEVOSALBUTAMOLSALMETEROLISOETHARINEISOPROTERENOLOLODATEROLTERBUTALINECHEMBL111201ARFORMOTEROLBAMBUTEROLFORMOTEROLBEDORADRINE SULFATEBUCINDOLOLPROCATEROL,1
Genes.ADRB2.CLENBUTEROLBATEFENTEROLPIRBUTEROLALBUTEROLAZD3199LEVOSALBUTAMOLSALMETEROLISOETHARINEISOPROTERENOLOLODATEROLTERBUTALINECHEMBL111201ARFORMOTEROLBAMBUTEROLFORMOTEROLBEDORADRINE SULFATEBUCINDOLOLPROCATEROLFENOTEROL,1
Genes.ADRB2.CLENBUTEROLBATEFENTEROLPIRBUTEROLALBUTEROLAZD3199LEVOSALBUTAMOLSALMETEROLISOETHARINEISOPROTERENOLOLODATEROLTERBUTALINECHEMBL111201ARFORMOTEROLBAMBUTEROLFORMOTEROLBEDORADRINE SULFATEBUCINDOLOLPROCATEROLFENOTEROLCARMOTEROL,1
Genes.ADRB2.CLENBUTEROLBATEFENTEROLPIRBUTEROLALBUTEROLAZD3199LEVOSALBUTAMOLSALMETEROLISOETHARINEISOPROTERENOLOLODATEROLTERBUTALINECHEMBL111201ARFORMOTEROLBAMBUTEROLFORMOTEROLBEDORADRINE SULFATEBUCINDOLOLPROCATEROLFENOTEROLCARMOTEROLRITODRINE,1
Genes.ADRB2.CLENBUTEROLBATEFENTEROLPIRBUTEROLALBUTEROLAZD3199LEVOSALBUTAMOLSALMETEROLISOETHARINEISOPROTERENOLOLODATEROLTERBUTALINECHEMBL111201ARFORMOTEROLBAMBUTEROLFORMOTEROLBEDORADRINE SULFATEBUCINDOLOLPROCATEROLFENOTEROLCARMOTEROLRITODRINEVILANTEROL,1
Genes.ADRB2.CLENBUTEROLBATEFENTEROLPIRBUTEROLALBUTEROLAZD3199LEVOSALBUTAMOLSALMETEROLISOETHARINEISOPROTERENOLOLODATEROLTERBUTALINECHEMBL111201ARFORMOTEROLBAMBUTEROLFORMOTEROLBEDORADRINE SULFATEBUCINDOLOLPROCATEROLFENOTEROLCARMOTEROLRITODRINEVILANTEROLINDACATEROL,1
Genes.LPL.CLOFIBRATE,1
Genes.LPL.CLOFIBRATEGEMFIBROZIL,1
Genes.LPL.CLOFIBRATEGEMFIBROZILIBROLIPIM,1
Genes.GCG.COTADUTIDE,1
Genes.GCG.COTADUTIDESAR425899,2
Genes.GCG.COTADUTIDESAR425899EFINOPEGDUTIDE,1
Genes.PDE2A.CP-461,1
Genes.PPP3CA.CYCLOSPORINE,1
Genes.PPP3CA.CYCLOSPORINEVOCLOSPORIN,1
Genes.PPP3CA.CYCLOSPORINEVOCLOSPORINPIMECROLIMUS,1
Genes.PPP3CA.CYCLOSPORINEVOCLOSPORINPIMECROLIMUSTACROLIMUS,1
Genes.F2.DABIGATRAN,1
Genes.F2.DABIGATRANANISINDIONE,1
Genes.F2.DABIGATRANANISINDIONECHEMBL1083499,1
Genes.F2.DABIGATRANANISINDIONECHEMBL1083499BIVALIRUDIN,1
Genes.F2.DABIGATRANANISINDIONECHEMBL1083499BIVALIRUDINPEGMUSIRUDIN,1
Genes.F2.DABIGATRANANISINDIONECHEMBL1083499BIVALIRUDINPEGMUSIRUDINAZD-8165,1
Genes.F2.DABIGATRANANISINDIONECHEMBL1083499BIVALIRUDINPEGMUSIRUDINAZD-8165ARGATROBAN,1
Genes.F2.DABIGATRANANISINDIONECHEMBL1083499BIVALIRUDINPEGMUSIRUDINAZD-8165ARGATROBANODIPARCIL,1
Genes.F2.DABIGATRANANISINDIONECHEMBL1083499BIVALIRUDINPEGMUSIRUDINAZD-8165ARGATROBANODIPARCILMELAGATRAN,2
Genes.F2.DABIGATRANANISINDIONECHEMBL1083499BIVALIRUDINPEGMUSIRUDINAZD-8165ARGATROBANODIPARCILMELAGATRANLEPIRUDIN,1
Genes.IL2.DACLIZUMAB,1
Genes.IL2.DACLIZUMABALDESLEUKIN,1
Genes.IL2.DACLIZUMABALDESLEUKINTHYMOCTONAN,1
Genes.CALCA.DALFAMPRIDINE,1
Genes.CALCA.DALFAMPRIDINEDIAZOXIDE,1
Genes.CALCA.DALFAMPRIDINEDIAZOXIDEBUDIODARONE,1
Genes.CALCA.DALFAMPRIDINEDIAZOXIDEBUDIODARONECHEMBL1563246,1
Genes.CALCA.DALFAMPRIDINEDIAZOXIDEBUDIODARONECHEMBL1563246AMIFAMPRIDINE,1
Genes.CALCA.DALFAMPRIDINEDIAZOXIDEBUDIODARONECHEMBL1563246AMIFAMPRIDINEDRONEDARONE,1
Genes.CALCA.DALFAMPRIDINEDIAZOXIDEBUDIODARONECHEMBL1563246AMIFAMPRIDINEDRONEDARONECHEMBL42661,1
Genes.CALCA.DALFAMPRIDINEDIAZOXIDEBUDIODARONECHEMBL1563246AMIFAMPRIDINEDRONEDARONECHEMBL42661CIZOLIRTINE,1
Genes.CALCA.DALFAMPRIDINEDIAZOXIDEBUDIODARONECHEMBL1563246AMIFAMPRIDINEDRONEDARONECHEMBL42661CIZOLIRTINEAZD7009,1
Genes.CALCA.DALFAMPRIDINEDIAZOXIDEBUDIODARONECHEMBL1563246AMIFAMPRIDINEDRONEDARONECHEMBL42661CIZOLIRTINEAZD7009AZIMILIDE,1
Genes.CALCA.DALFAMPRIDINEDIAZOXIDEBUDIODARONECHEMBL1563246AMIFAMPRIDINEDRONEDARONECHEMBL42661CIZOLIRTINEAZD7009AZIMILIDEAMIODARONE,1
Genes.CALCA.DALFAMPRIDINEDIAZOXIDEBUDIODARONECHEMBL1563246AMIFAMPRIDINEDRONEDARONECHEMBL42661CIZOLIRTINEAZD7009AZIMILIDEAMIODARONEIBUTILIDE,1
Genes.CALCA.DALFAMPRIDINEDIAZOXIDEBUDIODARONECHEMBL1563246AMIFAMPRIDINEDRONEDARONECHEMBL42661CIZOLIRTINEAZD7009AZIMILIDEAMIODARONEIBUTILIDEANDOLAST,1
Genes.CALCA.DALFAMPRIDINEDIAZOXIDEBUDIODARONECHEMBL1563246AMIFAMPRIDINEDRONEDARONECHEMBL42661CIZOLIRTINEAZD7009AZIMILIDEAMIODARONEIBUTILIDEANDOLASTNATEGLINIDE,1
Genes.CALCA.DALFAMPRIDINEDIAZOXIDEBUDIODARONECHEMBL1563246AMIFAMPRIDINEDRONEDARONECHEMBL42661CIZOLIRTINEAZD7009AZIMILIDEAMIODARONEIBUTILIDEANDOLASTNATEGLINIDEBIMAKALIM,1
Genes.CALCA.DALFAMPRIDINEDIAZOXIDEBUDIODARONECHEMBL1563246AMIFAMPRIDINEDRONEDARONECHEMBL42661CIZOLIRTINEAZD7009AZIMILIDEAMIODARONEIBUTILIDEANDOLASTNATEGLINIDEBIMAKALIMMINOXIDIL,1
Genes.CALCA.DALFAMPRIDINEDIAZOXIDEBUDIODARONECHEMBL1563246AMIFAMPRIDINEDRONEDARONECHEMBL42661CIZOLIRTINEAZD7009AZIMILIDEAMIODARONEIBUTILIDEANDOLASTNATEGLINIDEBIMAKALIMMINOXIDILPINACIDIL,1
Genes.CALCA.DALFAMPRIDINEDIAZOXIDEBUDIODARONECHEMBL1563246AMIFAMPRIDINEDRONEDARONECHEMBL42661CIZOLIRTINEAZD7009AZIMILIDEAMIODARONEIBUTILIDEANDOLASTNATEGLINIDEBIMAKALIMMINOXIDILPINACIDILDOFETILIDE,1
Genes.AURKB.DANUSERTIB,1
Genes.AURKB.DANUSERTIBBI-811283,1
Genes.AURKB.DANUSERTIBBI-811283ILORASERTIB,1
Genes.AURKB.DANUSERTIBBI-811283ILORASERTIBTAK-901,1
Genes.AURKB.DANUSERTIBBI-811283ILORASERTIBTAK-901MK-5108,1
Genes.AURKB.DANUSERTIBBI-811283ILORASERTIBTAK-901MK-5108AT-9283,1
Genes.AURKB.DANUSERTIBBI-811283ILORASERTIBTAK-901MK-5108AT-9283SNS-314,1
Genes.AURKB.DANUSERTIBBI-811283ILORASERTIBTAK-901MK-5108AT-9283SNS-314TOZASERTIB,2
Genes.AURKB.DANUSERTIBBI-811283ILORASERTIBTAK-901MK-5108AT-9283SNS-314TOZASERTIBGSK-1070916,1
Genes.AURKB.DANUSERTIBBI-811283ILORASERTIBTAK-901MK-5108AT-9283SNS-314TOZASERTIBGSK-1070916AZD-1152-HQPA,1
Genes.PPARD.DB959,2
Genes.PPARD.DB959CER-002,1
Genes.PPARD.DB959CER-002ELAFIBRANOR,1
Genes.PPARD.DB959CER-002ELAFIBRANORKD3010,1
Genes.PPARD.DB959CER-002ELAFIBRANORKD3010MBX-8025,1
Genes.PRKCD.DELCASERTIB,1
Genes.CD19.DENINTUZUMAB MAFODOTIN,1
Genes.CD19.DENINTUZUMAB MAFODOTINCOLTUXIMAB RAVTANSINE,1
Genes.CD19.DENINTUZUMAB MAFODOTINCOLTUXIMAB RAVTANSINETISAGENLECLEUCEL,2
Genes.CD19.DENINTUZUMAB MAFODOTINCOLTUXIMAB RAVTANSINETISAGENLECLEUCELDUVORTUXIZUMAB,1
Genes.CD19.DENINTUZUMAB MAFODOTINCOLTUXIMAB RAVTANSINETISAGENLECLEUCELDUVORTUXIZUMABTISAGENLECLEUCEL,2
Genes.CD19.DENINTUZUMAB MAFODOTINCOLTUXIMAB RAVTANSINETISAGENLECLEUCELDUVORTUXIZUMABTISAGENLECLEUCELLISOCABTAGENE MARALEUCEL,1
Genes.CD19.DENINTUZUMAB MAFODOTINCOLTUXIMAB RAVTANSINETISAGENLECLEUCELDUVORTUXIZUMABTISAGENLECLEUCELLISOCABTAGENE MARALEUCELMDX-1342,1
Genes.CD19.DENINTUZUMAB MAFODOTINCOLTUXIMAB RAVTANSINETISAGENLECLEUCELDUVORTUXIZUMABTISAGENLECLEUCELLISOCABTAGENE MARALEUCELMDX-1342BLINATUMOMAB,1
Genes.CD19.DENINTUZUMAB MAFODOTINCOLTUXIMAB RAVTANSINETISAGENLECLEUCELDUVORTUXIZUMABTISAGENLECLEUCELLISOCABTAGENE MARALEUCELMDX-1342BLINATUMOMABINEBILIZUMAB,1
Genes.CD19.DENINTUZUMAB MAFODOTINCOLTUXIMAB RAVTANSINETISAGENLECLEUCELDUVORTUXIZUMABTISAGENLECLEUCELLISOCABTAGENE MARALEUCELMDX-1342BLINATUMOMABINEBILIZUMABVADACABTAGENE LERALEUCEL,1
Genes.CD19.DENINTUZUMAB MAFODOTINCOLTUXIMAB RAVTANSINETISAGENLECLEUCELDUVORTUXIZUMABTISAGENLECLEUCELLISOCABTAGENE MARALEUCELMDX-1342BLINATUMOMABINEBILIZUMABVADACABTAGENE LERALEUCELAFM-11,1
Genes.P2RY2.DIQUAFOSOL,1
Genes.P2RY2.DIQUAFOSOLDENUFOSOL TETRASODIUM,1
Genes.HCK.DORAMAPIMOD,1
Genes.IGF1.DUSIGITUMAB,1
Genes.IGF1.DUSIGITUMABXENTUZUMAB,1
Genes.SQSTM1.DUSQUETIDE,1
Genes.ITGA2.E-7820,1
Genes.ITGAL.EFALIZUMAB,1
Genes.ITGAL.EFALIZUMABLIFITEGRAST,2
Genes.CXCL10.ELDELUMAB,1
Genes.CXCL10.ELDELUMABNI-0801,1
Genes.ERBB3.ELGEMTUMAB,1
Genes.ERBB3.ELGEMTUMABDULIGOTUZUMAB,2
Genes.ERBB3.ELGEMTUMABDULIGOTUZUMABAV-203,1
Genes.ERBB3.ELGEMTUMABDULIGOTUZUMABAV-203MM-121,1
Genes.ERBB3.ELGEMTUMABDULIGOTUZUMABAV-203MM-121PATRITUMAB,1
Genes.ERBB3.ELGEMTUMABDULIGOTUZUMABAV-203MM-121PATRITUMABISTIRATUMAB,3
Genes.ERBB3.ELGEMTUMABDULIGOTUZUMABAV-203MM-121PATRITUMABISTIRATUMABSERIBANTUMAB,1
Genes.GRIN1.ELIPRODIL,2
Genes.GRIN1.ELIPRODILNBQX,2
Genes.GRIN1.ELIPRODILNBQXCYCLOSERINE,1
Genes.GRIN1.ELIPRODILNBQXCYCLOSERINE(D)-SERINE,1
Genes.GALNS.ELOSULFASE ALFA,1
Genes.OPRD1.ELUXADOLINE,1
Genes.OPRD1.ELUXADOLINELOPERAMIDE,1
Genes.OPRD1.ELUXADOLINELOPERAMIDECARFENTANIL,1
Genes.OPRD1.ELUXADOLINELOPERAMIDECARFENTANILCHEMBL300662,1
Genes.OPRD1.ELUXADOLINELOPERAMIDECARFENTANILCHEMBL300662BUTORPHANOL,1
Genes.OPRD1.ELUXADOLINELOPERAMIDECARFENTANILCHEMBL300662BUTORPHANOLADL-5747,1
Genes.OPRD1.ELUXADOLINELOPERAMIDECARFENTANILCHEMBL300662BUTORPHANOLADL-5747CHEMBL13786,1
Genes.OPRD1.ELUXADOLINELOPERAMIDECARFENTANILCHEMBL300662BUTORPHANOLADL-5747CHEMBL13786HYDROMORPHONE,1
Genes.OPRD1.ELUXADOLINELOPERAMIDECARFENTANILCHEMBL300662BUTORPHANOLADL-5747CHEMBL13786HYDROMORPHONECODEINE,1
Genes.OPRD1.ELUXADOLINELOPERAMIDECARFENTANILCHEMBL300662BUTORPHANOLADL-5747CHEMBL13786HYDROMORPHONECODEINEOXYCODONE,1
Genes.CSF1.EMACTUZUMAB,1
Genes.IFNG.EMAPALUMAB,1
Genes.PRKCB.ENZASTAURIN,3
Genes.S100A12.EPTINEZUMAB,1
Genes.S100A12.EPTINEZUMABUBROGEPANT,1
Genes.S100A12.EPTINEZUMABUBROGEPANTRIMEGEPANT,1
Genes.S100A12.EPTINEZUMABUBROGEPANTRIMEGEPANTATOGEPANT,1
Genes.GPC3.ERY-974,1
Genes.GPC3.ERY-974CODRITUZUMAB,1
Genes.MTOR.EVEROLIMUS,1
Genes.MTOR.EVEROLIMUSCC-223,1
Genes.MTOR.EVEROLIMUSCC-223RG-7603,1
Genes.MTOR.EVEROLIMUSCC-223RG-7603GEDATOLISIB,2
Genes.MTOR.EVEROLIMUSCC-223RG-7603GEDATOLISIBSAMOTOLISIB,2
Genes.MTOR.EVEROLIMUSCC-223RG-7603GEDATOLISIBSAMOTOLISIBME-344,1
Genes.MTOR.EVEROLIMUSCC-223RG-7603GEDATOLISIBSAMOTOLISIBME-344SALIRASIB,2
Genes.MTOR.EVEROLIMUSCC-223RG-7603GEDATOLISIBSAMOTOLISIBME-344SALIRASIBBGT-226,2
Genes.MTOR.EVEROLIMUSCC-223RG-7603GEDATOLISIBSAMOTOLISIBME-344SALIRASIBBGT-226OSI-027,1
Genes.MTOR.EVEROLIMUSCC-223RG-7603GEDATOLISIBSAMOTOLISIBME-344SALIRASIBBGT-226OSI-027VS-5584,2
Genes.MTOR.EVEROLIMUSCC-223RG-7603GEDATOLISIBSAMOTOLISIBME-344SALIRASIBBGT-226OSI-027VS-5584DS-7423,2
Genes.MTOR.EVEROLIMUSCC-223RG-7603GEDATOLISIBSAMOTOLISIBME-344SALIRASIBBGT-226OSI-027VS-5584DS-7423PF-04691502,2
Genes.MTOR.EVEROLIMUSCC-223RG-7603GEDATOLISIBSAMOTOLISIBME-344SALIRASIBBGT-226OSI-027VS-5584DS-7423PF-04691502BIMIRALISIB,3
Genes.MTOR.EVEROLIMUSCC-223RG-7603GEDATOLISIBSAMOTOLISIBME-344SALIRASIBBGT-226OSI-027VS-5584DS-7423PF-04691502BIMIRALISIBTEMSIROLIMUS,1
Genes.MTOR.EVEROLIMUSCC-223RG-7603GEDATOLISIBSAMOTOLISIBME-344SALIRASIBBGT-226OSI-027VS-5584DS-7423PF-04691502BIMIRALISIBTEMSIROLIMUSSIROLIMUS,1
Genes.MTOR.EVEROLIMUSCC-223RG-7603GEDATOLISIBSAMOTOLISIBME-344SALIRASIBBGT-226OSI-027VS-5584DS-7423PF-04691502BIMIRALISIBTEMSIROLIMUSSIROLIMUSZOTAROLIMUS,1
Genes.MTOR.EVEROLIMUSCC-223RG-7603GEDATOLISIBSAMOTOLISIBME-344SALIRASIBBGT-226OSI-027VS-5584DS-7423PF-04691502BIMIRALISIBTEMSIROLIMUSSIROLIMUSZOTAROLIMUSISTIRATUMAB,3
Genes.MTOR.EVEROLIMUSCC-223RG-7603GEDATOLISIBSAMOTOLISIBME-344SALIRASIBBGT-226OSI-027VS-5584DS-7423PF-04691502BIMIRALISIBTEMSIROLIMUSSIROLIMUSZOTAROLIMUSISTIRATUMABRIDAFOROLIMUS,1
Genes.MTOR.EVEROLIMUSCC-223RG-7603GEDATOLISIBSAMOTOLISIBME-344SALIRASIBBGT-226OSI-027VS-5584DS-7423PF-04691502BIMIRALISIBTEMSIROLIMUSSIROLIMUSZOTAROLIMUSISTIRATUMABRIDAFOROLIMUSVISTUSERTIB,1
Genes.MTOR.EVEROLIMUSCC-223RG-7603GEDATOLISIBSAMOTOLISIBME-344SALIRASIBBGT-226OSI-027VS-5584DS-7423PF-04691502BIMIRALISIBTEMSIROLIMUSSIROLIMUSZOTAROLIMUSISTIRATUMABRIDAFOROLIMUSVISTUSERTIBBERZOSERTIB,2
Genes.MTOR.EVEROLIMUSCC-223RG-7603GEDATOLISIBSAMOTOLISIBME-344SALIRASIBBGT-226OSI-027VS-5584DS-7423PF-04691502BIMIRALISIBTEMSIROLIMUSSIROLIMUSZOTAROLIMUSISTIRATUMABRIDAFOROLIMUSVISTUSERTIBBERZOSERTIBVOXTALISIB,2
Genes.MTOR.EVEROLIMUSCC-223RG-7603GEDATOLISIBSAMOTOLISIBME-344SALIRASIBBGT-226OSI-027VS-5584DS-7423PF-04691502BIMIRALISIBTEMSIROLIMUSSIROLIMUSZOTAROLIMUSISTIRATUMABRIDAFOROLIMUSVISTUSERTIBBERZOSERTIBVOXTALISIBSAPANISERTIB,1
Genes.MTOR.EVEROLIMUSCC-223RG-7603GEDATOLISIBSAMOTOLISIBME-344SALIRASIBBGT-226OSI-027VS-5584DS-7423PF-04691502BIMIRALISIBTEMSIROLIMUSSIROLIMUSZOTAROLIMUSISTIRATUMABRIDAFOROLIMUSVISTUSERTIBBERZOSERTIBVOXTALISIBSAPANISERTIBGLASDEGIB,1
Genes.MTOR.EVEROLIMUSCC-223RG-7603GEDATOLISIBSAMOTOLISIBME-344SALIRASIBBGT-226OSI-027VS-5584DS-7423PF-04691502BIMIRALISIBTEMSIROLIMUSSIROLIMUSZOTAROLIMUSISTIRATUMABRIDAFOROLIMUSVISTUSERTIBBERZOSERTIBVOXTALISIBSAPANISERTIBGLASDEGIBDACTOLISIB,2
Genes.GSTP1.EZATIOSTAT,1
Genes.GSTP1.EZATIOSTATCANFOSFAMIDE,1
Genes.KIT.FAMITINIB,4
Genes.KIT.FAMITINIBAMG-191,1
Genes.KIT.FAMITINIBAMG-191AVAPRITINIB,2
Genes.KIT.FAMITINIBAMG-191AVAPRITINIBOSI-930,1
Genes.KIT.FAMITINIBAMG-191AVAPRITINIBOSI-930XL-820,3
Genes.KIT.FAMITINIBAMG-191AVAPRITINIBOSI-930XL-820ROMIPLOSTIM,5
Genes.KIT.FAMITINIBAMG-191AVAPRITINIBOSI-930XL-820ROMIPLOSTIMIMATINIB MESYLATE,2
Genes.KIT.FAMITINIBAMG-191AVAPRITINIBOSI-930XL-820ROMIPLOSTIMIMATINIB MESYLATEPEXIDARTINIB,2
Genes.KIT.FAMITINIBAMG-191AVAPRITINIBOSI-930XL-820ROMIPLOSTIMIMATINIB MESYLATEPEXIDARTINIBPONATINIB,4
Genes.KIT.FAMITINIBAMG-191AVAPRITINIBOSI-930XL-820ROMIPLOSTIMIMATINIB MESYLATEPEXIDARTINIBPONATINIBRIPRETINIB,2
Genes.KIT.FAMITINIBAMG-191AVAPRITINIBOSI-930XL-820ROMIPLOSTIMIMATINIB MESYLATEPEXIDARTINIBPONATINIBRIPRETINIBREGORAFENIB,2
Genes.KIT.FAMITINIBAMG-191AVAPRITINIBOSI-930XL-820ROMIPLOSTIMIMATINIB MESYLATEPEXIDARTINIBPONATINIBRIPRETINIBREGORAFENIBIMATINIB,1
Genes.KIT.FAMITINIBAMG-191AVAPRITINIBOSI-930XL-820ROMIPLOSTIMIMATINIB MESYLATEPEXIDARTINIBPONATINIBRIPRETINIBREGORAFENIBIMATINIBSORAFENIB,3
Genes.PDGFRA.FAMITINIB,4
Genes.PDGFRA.FAMITINIBOLARATUMAB,1
Genes.PDGFRA.FAMITINIBOLARATUMABCRENOLANIB,2
Genes.PDGFRA.FAMITINIBOLARATUMABCRENOLANIBAVAPRITINIB,2
Genes.PDGFRA.FAMITINIBOLARATUMABCRENOLANIBAVAPRITINIBXL-820,3
Genes.PDGFRA.FAMITINIBOLARATUMABCRENOLANIBAVAPRITINIBXL-820RABEPRAZOLE SODIUM,5
Genes.PDGFRA.FAMITINIBOLARATUMABCRENOLANIBAVAPRITINIBXL-820RABEPRAZOLE SODIUMROMIPLOSTIM,5
Genes.PDGFRA.FAMITINIBOLARATUMABCRENOLANIBAVAPRITINIBXL-820RABEPRAZOLE SODIUMROMIPLOSTIMRIPRETINIB,2
Genes.PDGFRA.FAMITINIBOLARATUMABCRENOLANIBAVAPRITINIBXL-820RABEPRAZOLE SODIUMROMIPLOSTIMRIPRETINIBTOVETUMAB,1
Genes.PDGFRB.FAMITINIB,4
Genes.PDGFRB.FAMITINIBTAK-593,1
Genes.PDGFRB.FAMITINIBTAK-593BECAPLERMIN,1
Genes.PDGFRB.FAMITINIBTAK-593BECAPLERMINXL-820,3
Genes.PDGFRB.FAMITINIBTAK-593BECAPLERMINXL-820RABEPRAZOLE SODIUM,5
Genes.PDGFRB.FAMITINIBTAK-593BECAPLERMINXL-820RABEPRAZOLE SODIUMROMIPLOSTIM,5
Genes.PDGFRB.FAMITINIBTAK-593BECAPLERMINXL-820RABEPRAZOLE SODIUMROMIPLOSTIMMK-2461,6
Genes.PDGFRB.FAMITINIBTAK-593BECAPLERMINXL-820RABEPRAZOLE SODIUMROMIPLOSTIMMK-2461SORAFENIB,3
Genes.FFAR1.FASIGLIFAM,1
Genes.FFAR1.FASIGLIFAMLY2881835,1
Genes.FGFR1.FIBROBLAST GROWTH FACTOR-1,1
Genes.FGFR1.FIBROBLAST GROWTH FACTOR-1SURUFATINIB,1
Genes.FGFR1.FIBROBLAST GROWTH FACTOR-1SURUFATINIBFP-1039,1
Genes.FGFR1.FIBROBLAST GROWTH FACTOR-1SURUFATINIBFP-1039DERAZANTINIB,1
Genes.FGFR1.FIBROBLAST GROWTH FACTOR-1SURUFATINIBFP-1039DERAZANTINIBKW-2449,3
Genes.FGFR1.FIBROBLAST GROWTH FACTOR-1SURUFATINIBFP-1039DERAZANTINIBKW-2449NINTEDANIB,2
Genes.FGFR1.FIBROBLAST GROWTH FACTOR-1SURUFATINIBFP-1039DERAZANTINIBKW-2449NINTEDANIBRABEPRAZOLE SODIUM,5
Genes.FGFR1.FIBROBLAST GROWTH FACTOR-1SURUFATINIBFP-1039DERAZANTINIBKW-2449NINTEDANIBRABEPRAZOLE SODIUMROMIPLOSTIM,5
Genes.FGFR1.FIBROBLAST GROWTH FACTOR-1SURUFATINIBFP-1039DERAZANTINIBKW-2449NINTEDANIBRABEPRAZOLE SODIUMROMIPLOSTIMCHEMBL459729,2
Genes.FGFR1.FIBROBLAST GROWTH FACTOR-1SURUFATINIBFP-1039DERAZANTINIBKW-2449NINTEDANIBRABEPRAZOLE SODIUMROMIPLOSTIMCHEMBL459729INFIGRATINIB,1
Genes.FGFR1.FIBROBLAST GROWTH FACTOR-1SURUFATINIBFP-1039DERAZANTINIBKW-2449NINTEDANIBRABEPRAZOLE SODIUMROMIPLOSTIMCHEMBL459729INFIGRATINIBMK-2461,6
Genes.FGFR1.FIBROBLAST GROWTH FACTOR-1SURUFATINIBFP-1039DERAZANTINIBKW-2449NINTEDANIBRABEPRAZOLE SODIUMROMIPLOSTIMCHEMBL459729INFIGRATINIBMK-2461ERDAFITINIB,1
Genes.ABL1.FLUMATINIB,1
Genes.ABL1.FLUMATINIBSARACATINIB,2
Genes.ABL1.FLUMATINIBSARACATINIBKW-2449,3
Genes.ABL1.FLUMATINIBSARACATINIBKW-2449BOSUTINIB,2
Genes.ABL1.FLUMATINIBSARACATINIBKW-2449BOSUTINIBCHEMBL219557,3
Genes.ABL1.FLUMATINIBSARACATINIBKW-2449BOSUTINIBCHEMBL219557REBASTINIB,2
Genes.ABL1.FLUMATINIBSARACATINIBKW-2449BOSUTINIBCHEMBL219557REBASTINIBPONATINIB,4
Genes.SMAD3.FLUORESCEIN,1
Genes.ADH1A.FOMEPIZOLE,1
Genes.PNP.FORODESINE,1
Genes.PNP.FORODESINEGUANOSINE,1
Genes.PNP.FORODESINEGUANOSINEPELDESINE,1
Genes.PNP.FORODESINEGUANOSINEPELDESINEULODESINE,1
Genes.MME.GALLOPAMIL,1
Genes.MME.GALLOPAMILCANDOXATRIL,1
Genes.MME.GALLOPAMILCANDOXATRILSAMPATRILAT,1
Genes.MME.GALLOPAMILCANDOXATRILSAMPATRILATSLV-334,1
Genes.MME.GALLOPAMILCANDOXATRILSAMPATRILATSLV-334PEPINEMAB,1
Genes.MME.GALLOPAMILCANDOXATRILSAMPATRILATSLV-334PEPINEMABLCZ696,1
Genes.ARSB.GALSULFASE,1
Genes.IL1B.GLUCOSAMINE,1
Genes.IL1B.GLUCOSAMINERILONACEPT,1
Genes.IL1B.GLUCOSAMINERILONACEPTCANAKINUMAB,1
Genes.IL1B.GLUCOSAMINERILONACEPTCANAKINUMABTT-301,1
Genes.IL1B.GLUCOSAMINERILONACEPTCANAKINUMABTT-301DIACEREIN,2
Genes.IL1B.GLUCOSAMINERILONACEPTCANAKINUMABTT-301DIACEREINIBUDILAST,2
Genes.IL1B.GLUCOSAMINERILONACEPTCANAKINUMABTT-301DIACEREINIBUDILASTCELASTROL,2
Genes.CCL20.GSK-3050002,1
Genes.NOS2.GW-274150,1
Genes.NOS2.GW-274150CURCUMIN,5
Genes.NOS2.GW-274150CURCUMINPIMAGEDINE,2
Genes.NOS2.GW-274150CURCUMINPIMAGEDINEALT-2074,1
Genes.DYRK3.HARMINE,2
Genes.DGAT1.HESPERETIN,1
Genes.DGAT1.HESPERETINAZD-7687,1
Genes.MUC1.HUHMFG1,1
Genes.MUC1.HUHMFG1SAR-566658,1
Genes.MUC1.HUHMFG1SAR-566658GO-203-2C,1
Genes.MUC1.HUHMFG1SAR-566658GO-203-2CEMEPEPIMUT-S,1
Genes.MUT.HYDROXOCOBALAMIN,1
Genes.CD4.IBALIZUMAB,1
Genes.CD4.IBALIZUMABTREGALIZUMAB,1
Genes.CD4.IBALIZUMABTREGALIZUMABZANOLIMUMAB,1
Genes.BTK.IBRUTINIB,1
Genes.BTK.IBRUTINIBZANUBRUTINIB,1
Genes.BTK.IBRUTINIBZANUBRUTINIBBMS-986142,1
Genes.BTK.IBRUTINIBZANUBRUTINIBBMS-986142ACALABRUTINIB,1
Genes.BTK.IBRUTINIBZANUBRUTINIBBMS-986142ACALABRUTINIBTIRABRUTINIB,1
Genes.BTK.IBRUTINIBZANUBRUTINIBBMS-986142ACALABRUTINIBTIRABRUTINIBFENEBRUTINIB,1
Genes.BTK.IBRUTINIBZANUBRUTINIBBMS-986142ACALABRUTINIBTIRABRUTINIBFENEBRUTINIBSPEBRUTINIB BESYLATE,1
Genes.BTK.IBRUTINIBZANUBRUTINIBBMS-986142ACALABRUTINIBTIRABRUTINIBFENEBRUTINIBSPEBRUTINIB BESYLATEVECABRUTINIB,1
Genes.CXCR2.IBUPROFEN,4
Genes.CXCR2.IBUPROFENNAVARIXIN,2
Genes.CXCR2.IBUPROFENNAVARIXINDANIRIXIN,1
Genes.CXCR2.IBUPROFENNAVARIXINDANIRIXINELUBRIXIN,1
Genes.CXCR2.IBUPROFENNAVARIXINDANIRIXINELUBRIXINCLOTRIMAZOLE,1
Genes.CXCR2.IBUPROFENNAVARIXINDANIRIXINELUBRIXINCLOTRIMAZOLEREPARIXIN,2
Genes.CXCR1.IBUPROFEN,4
Genes.CXCR1.IBUPROFENNAVARIXIN,2
Genes.CXCR1.IBUPROFENNAVARIXINREPARIXIN,2
Genes.CD14.IC14,1
Genes.IKBKB.IMD-0354,1
Genes.IKBKB.IMD-0354PARTHENOLIDE,2
Genes.IKBKB.IMD-0354PARTHENOLIDESTAUROSPORINE,1
Genes.IKBKB.IMD-0354PARTHENOLIDESTAUROSPORINEIMD-1041,1
Genes.IKBKB.IMD-0354PARTHENOLIDESTAUROSPORINEIMD-1041SAR-113945,1
Genes.NOD2.INARIGIVIR SOPROXIL,1
Genes.SDC1.INDATUXIMAB RAVTANSINE,1
Genes.ALB.IODIPAMIDE,1
Genes.ALB.IODIPAMIDEOXYPHENBUTAZONE,1
Genes.ALB.IODIPAMIDEOXYPHENBUTAZONEEBSELEN,1
Genes.ALB.IODIPAMIDEOXYPHENBUTAZONEEBSELENGADOFOSVESET,1
Genes.MAPK8.IT-139,2
Genes.MAPK8.IT-139CI-1040,9
Genes.MAPK8.IT-139CI-1040TANZISERTIB,1
Genes.MAPK8.IT-139CI-1040TANZISERTIBCC-401,1
Genes.HSPA5.IT-139,2
Genes.JAK1.ITACITINIB,2
Genes.JAK1.ITACITINIBCERDULATINIB,3
Genes.JAK1.ITACITINIBCERDULATINIBSOLCITINIB,1
Genes.JAK1.ITACITINIBCERDULATINIBSOLCITINIBFILGOTINIB,1
Genes.JAK1.ITACITINIBCERDULATINIBSOLCITINIBFILGOTINIBBREPOCITINIB,2
Genes.JAK1.ITACITINIBCERDULATINIBSOLCITINIBFILGOTINIBBREPOCITINIBUPADACITINIB,2
Genes.JAK1.ITACITINIBCERDULATINIBSOLCITINIBFILGOTINIBBREPOCITINIBUPADACITINIBRUXOLITINIB,3
Genes.JAK1.ITACITINIBCERDULATINIBSOLCITINIBFILGOTINIBBREPOCITINIBUPADACITINIBRUXOLITINIBBARICITINIB,3
Genes.JAK1.ITACITINIBCERDULATINIBSOLCITINIBFILGOTINIBBREPOCITINIBUPADACITINIBRUXOLITINIBBARICITINIBPEFICITINIB,2
Genes.IDH1.IVOSIDENIB,1
Genes.LYN.JNJ-26483327,6
Genes.LYN.JNJ-26483327BAFETINIB,1
Genes.FYN.JNJ-26483327,6
Genes.FYN.JNJ-26483327DASATINIB,3
Genes.YES1.JNJ-26483327,6
Genes.CDK1.KENPAULLONE,2
Genes.CDK1.KENPAULLONERGB-286638,1
Genes.CDK1.KENPAULLONERGB-286638CHIR-99021,2
Genes.CDK1.KENPAULLONERGB-286638CHIR-99021RIVICICLIB,1
Genes.CDK1.KENPAULLONERGB-286638CHIR-99021RIVICICLIBPHA-793887,1
Genes.CDK1.KENPAULLONERGB-286638CHIR-99021RIVICICLIBPHA-793887AG-24322,1
Genes.CDK1.KENPAULLONERGB-286638CHIR-99021RIVICICLIBPHA-793887AG-24322SELICICLIB,1
Genes.CDK5.KENPAULLONE,2
Genes.HBEGF.KHK-2866,1
Genes.SRC.KX2-361,1
Genes.SRC.KX2-361CRENOLANIB,2
Genes.SRC.KX2-361CRENOLANIBSARACATINIB,2
Genes.SRC.KX2-361CRENOLANIBSARACATINIBBOSUTINIB,2
Genes.SRC.KX2-361CRENOLANIBSARACATINIBBOSUTINIBCHEMBL219557,3
Genes.SRC.KX2-361CRENOLANIBSARACATINIBBOSUTINIBCHEMBL219557ANLOTINIB,1
Genes.SRC.KX2-361CRENOLANIBSARACATINIBBOSUTINIBCHEMBL219557ANLOTINIBDASATINIB,3
Genes.SRC.KX2-361CRENOLANIBSARACATINIBBOSUTINIBCHEMBL219557ANLOTINIBDASATINIBMASITINIB,2
Genes.TBXA2R.LAROPIPRANT,2
Genes.TBXA2R.LAROPIPRANTRAMATROBAN,1
Genes.TBXA2R.LAROPIPRANTRAMATROBANALPROSTADIL,1
Genes.TBXA2R.LAROPIPRANTRAMATROBANALPROSTADILRIDOGREL,1
Genes.CYP26A1.LIAROZOLE,1
Genes.CYP26A1.LIAROZOLETALAROZOLE,1
Genes.GDNF.LIATERMIN,1
Genes.GLP1R.LIRAGLUTIDE,1
Genes.GLP1R.LIRAGLUTIDETASPOGLUTIDE,1
Genes.GLP1R.LIRAGLUTIDETASPOGLUTIDEALBIGLUTIDE,1
Genes.GLP1R.LIRAGLUTIDETASPOGLUTIDEALBIGLUTIDESEMAGLUTIDE,1
Genes.GLP1R.LIRAGLUTIDETASPOGLUTIDEALBIGLUTIDESEMAGLUTIDEDULAGLUTIDE,1
Genes.GLP1R.LIRAGLUTIDETASPOGLUTIDEALBIGLUTIDESEMAGLUTIDEDULAGLUTIDELIXISENATIDE,1
Genes.GLP1R.LIRAGLUTIDETASPOGLUTIDEALBIGLUTIDESEMAGLUTIDEDULAGLUTIDELIXISENATIDEEXENATIDE,1
Genes.GLP1R.LIRAGLUTIDETASPOGLUTIDEALBIGLUTIDESEMAGLUTIDEDULAGLUTIDELIXISENATIDEEXENATIDEPEGAPAMODUTIDE,1
Genes.GLP1R.LIRAGLUTIDETASPOGLUTIDEALBIGLUTIDESEMAGLUTIDEDULAGLUTIDELIXISENATIDEEXENATIDEPEGAPAMODUTIDESAR425899,2
Genes.GLP1R.LIRAGLUTIDETASPOGLUTIDEALBIGLUTIDESEMAGLUTIDEDULAGLUTIDELIXISENATIDEEXENATIDEPEGAPAMODUTIDESAR425899PRAMLINTIDE,1
Genes.GLP1R.LIRAGLUTIDETASPOGLUTIDEALBIGLUTIDESEMAGLUTIDEDULAGLUTIDELIXISENATIDEEXENATIDEPEGAPAMODUTIDESAR425899PRAMLINTIDEGLP-1,1
Genes.IL2RA.LMB-2,1
Genes.IL2RA.LMB-2INOLIMOMAB,1
Genes.IL2RA.LMB-2INOLIMOMABBASILIXIMAB,1
Genes.TP53.LONTUCIREV (REPLICATING ADENOVIRUS),1
Genes.TP53.LONTUCIREV (REPLICATING ADENOVIRUS)SAR-405838,1
Genes.TP53.LONTUCIREV (REPLICATING ADENOVIRUS)SAR-405838TEPRASIRAN,1
Genes.TP53.LONTUCIREV (REPLICATING ADENOVIRUS)SAR-405838TEPRASIRANAPR-246,1
Genes.TP53.LONTUCIREV (REPLICATING ADENOVIRUS)SAR-405838TEPRASIRANAPR-246ALT-801,1
Genes.TP53.LONTUCIREV (REPLICATING ADENOVIRUS)SAR-405838TEPRASIRANAPR-246ALT-8014-ISOTHIOUREIDOBUTYRONITRILE,1
Genes.TP53.LONTUCIREV (REPLICATING ADENOVIRUS)SAR-405838TEPRASIRANAPR-246ALT-8014-ISOTHIOUREIDOBUTYRONITRILECGM-097,1
Genes.FCER2.LUMILIXIMAB,1
Genes.HSP90AA1.LUMINESPIB,1
Genes.HSP90AA1.LUMINESPIBTANESPIMYCIN,1
Genes.HSP90AA1.LUMINESPIBTANESPIMYCINAMLEXANOX,1
Genes.HSP90AA1.LUMINESPIBTANESPIMYCINAMLEXANOXBIIB021,1
Genes.HSP90AA1.LUMINESPIBTANESPIMYCINAMLEXANOXBIIB021KW-2478,1
Genes.HSP90AA1.LUMINESPIBTANESPIMYCINAMLEXANOXBIIB021KW-2478EFUNGUMAB,1
Genes.HSP90AA1.LUMINESPIBTANESPIMYCINAMLEXANOXBIIB021KW-2478EFUNGUMABCHEMBL553939,2
Genes.HLA-DRB1.LYM-1,1
Genes.CD47.MAGROLIMAB,1
Genes.CD47.MAGROLIMABALX-148,1
Genes.MMP2.MARIMASTAT,2
Genes.MMP2.MARIMASTATPRINOMASTAT,2
Genes.MMP2.MARIMASTATPRINOMASTATINCYCLINIDE,1
Genes.IGF1R.MECASERMIN,1
Genes.IGF1R.MECASERMINCIXUTUMUMAB,1
Genes.IGF1R.MECASERMINCIXUTUMUMABTEPROTUMUMAB,1
Genes.IGF1R.MECASERMINCIXUTUMUMABTEPROTUMUMABRINFABATE,1
Genes.IGF1R.MECASERMINCIXUTUMUMABTEPROTUMUMABRINFABATEAEW-541,1
Genes.IGF1R.MECASERMINCIXUTUMUMABTEPROTUMUMABRINFABATEAEW-541ISTIRATUMAB,3
Genes.IGF1R.MECASERMINCIXUTUMUMABTEPROTUMUMABRINFABATEAEW-541ISTIRATUMABAXL-1717,1
Genes.IGF1R.MECASERMINCIXUTUMUMABTEPROTUMUMABRINFABATEAEW-541ISTIRATUMABAXL-1717CHEMBL459729,2
Genes.IGF1R.MECASERMINCIXUTUMUMABTEPROTUMUMABRINFABATEAEW-541ISTIRATUMABAXL-1717CHEMBL459729LINSITINIB,1
Genes.PRKCE.MEPROBAMATE,1
Genes.CA1.METHAZOLAMIDE,1
Genes.CA1.METHAZOLAMIDECURCUMIN,5
Genes.CA1.METHAZOLAMIDECURCUMINDICHLORPHENAMIDE,1
Genes.CA1.METHAZOLAMIDECURCUMINDICHLORPHENAMIDESULFAMIDE,1
Genes.CA1.METHAZOLAMIDECURCUMINDICHLORPHENAMIDESULFAMIDEACETAZOLAMIDE,1
Genes.CA1.METHAZOLAMIDECURCUMINDICHLORPHENAMIDESULFAMIDEACETAZOLAMIDEETHOXZOLAMIDE,1
Genes.CA1.METHAZOLAMIDECURCUMINDICHLORPHENAMIDESULFAMIDEACETAZOLAMIDEETHOXZOLAMIDEPARABEN,1
Genes.CA1.METHAZOLAMIDECURCUMINDICHLORPHENAMIDESULFAMIDEACETAZOLAMIDEETHOXZOLAMIDEPARABENPHENOL,1
Genes.CA1.METHAZOLAMIDECURCUMINDICHLORPHENAMIDESULFAMIDEACETAZOLAMIDEETHOXZOLAMIDEPARABENPHENOLPOLMACOXIB,2
Genes.PRKCG.MIDOSTAURIN,2
Genes.MET.MK-8033,1
Genes.MET.MK-8033ALTIRATINIB,2
Genes.MET.MK-8033ALTIRATINIBSAVOLITINIB,1
Genes.MET.MK-8033ALTIRATINIBSAVOLITINIBTELISOTUZUMAB,1
Genes.MET.MK-8033ALTIRATINIBSAVOLITINIBTELISOTUZUMABCABOZANTINIB,1
Genes.MET.MK-8033ALTIRATINIBSAVOLITINIBTELISOTUZUMABCABOZANTINIBBMS-777607,1
Genes.MET.MK-8033ALTIRATINIBSAVOLITINIBTELISOTUZUMABCABOZANTINIBBMS-777607CMX-2043,2
Genes.MET.MK-8033ALTIRATINIBSAVOLITINIBTELISOTUZUMABCABOZANTINIBBMS-777607CMX-2043EMIBETUZUMAB,1
Genes.MET.MK-8033ALTIRATINIBSAVOLITINIBTELISOTUZUMABCABOZANTINIBBMS-777607CMX-2043EMIBETUZUMABTIVANTINIB,1
Genes.MET.MK-8033ALTIRATINIBSAVOLITINIBTELISOTUZUMABCABOZANTINIBBMS-777607CMX-2043EMIBETUZUMABTIVANTINIBSITRAVATINIB,2
Genes.MET.MK-8033ALTIRATINIBSAVOLITINIBTELISOTUZUMABCABOZANTINIBBMS-777607CMX-2043EMIBETUZUMABTIVANTINIBSITRAVATINIBLY-3164530,2
Genes.MET.MK-8033ALTIRATINIBSAVOLITINIBTELISOTUZUMABCABOZANTINIBBMS-777607CMX-2043EMIBETUZUMABTIVANTINIBSITRAVATINIBLY-3164530EMD-1204831,1
Genes.MET.MK-8033ALTIRATINIBSAVOLITINIBTELISOTUZUMABCABOZANTINIBBMS-777607CMX-2043EMIBETUZUMABTIVANTINIBSITRAVATINIBLY-3164530EMD-1204831CAPMATINIB,1
Genes.MET.MK-8033ALTIRATINIBSAVOLITINIBTELISOTUZUMABCABOZANTINIBBMS-777607CMX-2043EMIBETUZUMABTIVANTINIBSITRAVATINIBLY-3164530EMD-1204831CAPMATINIBTEPOTINIB,1
Genes.MET.MK-8033ALTIRATINIBSAVOLITINIBTELISOTUZUMABCABOZANTINIBBMS-777607CMX-2043EMIBETUZUMABTIVANTINIBSITRAVATINIBLY-3164530EMD-1204831CAPMATINIBTEPOTINIBPF-04217903,1
Genes.MET.MK-8033ALTIRATINIBSAVOLITINIBTELISOTUZUMABCABOZANTINIBBMS-777607CMX-2043EMIBETUZUMABTIVANTINIBSITRAVATINIBLY-3164530EMD-1204831CAPMATINIBTEPOTINIBPF-04217903FORETINIB,1
Genes.MET.MK-8033ALTIRATINIBSAVOLITINIBTELISOTUZUMABCABOZANTINIBBMS-777607CMX-2043EMIBETUZUMABTIVANTINIBSITRAVATINIBLY-3164530EMD-1204831CAPMATINIBTEPOTINIBPF-04217903FORETINIBCRIZOTINIB,1
Genes.MET.MK-8033ALTIRATINIBSAVOLITINIBTELISOTUZUMABCABOZANTINIBBMS-777607CMX-2043EMIBETUZUMABTIVANTINIBSITRAVATINIBLY-3164530EMD-1204831CAPMATINIBTEPOTINIBPF-04217903FORETINIBCRIZOTINIBMK-2461,6
Genes.MET.MK-8033ALTIRATINIBSAVOLITINIBTELISOTUZUMABCABOZANTINIBBMS-777607CMX-2043EMIBETUZUMABTIVANTINIBSITRAVATINIBLY-3164530EMD-1204831CAPMATINIBTEPOTINIBPF-04217903FORETINIBCRIZOTINIBMK-2461GOLVATINIB,1
Genes.MET.MK-8033ALTIRATINIBSAVOLITINIBTELISOTUZUMABCABOZANTINIBBMS-777607CMX-2043EMIBETUZUMABTIVANTINIBSITRAVATINIBLY-3164530EMD-1204831CAPMATINIBTEPOTINIBPF-04217903FORETINIBCRIZOTINIBMK-2461GOLVATINIBSAR-125844,1
Genes.MET.MK-8033ALTIRATINIBSAVOLITINIBTELISOTUZUMABCABOZANTINIBBMS-777607CMX-2043EMIBETUZUMABTIVANTINIBSITRAVATINIBLY-3164530EMD-1204831CAPMATINIBTEPOTINIBPF-04217903FORETINIBCRIZOTINIBMK-2461GOLVATINIBSAR-125844TELISOTUZUMAB VEDOTIN,1
Genes.MET.MK-8033ALTIRATINIBSAVOLITINIBTELISOTUZUMABCABOZANTINIBBMS-777607CMX-2043EMIBETUZUMABTIVANTINIBSITRAVATINIBLY-3164530EMD-1204831CAPMATINIBTEPOTINIBPF-04217903FORETINIBCRIZOTINIBMK-2461GOLVATINIBSAR-125844TELISOTUZUMAB VEDOTINJNJ-38877605,1
Genes.SCD.MK-8245,1
Genes.SCD.MK-8245ARAMCHOL,1
Genes.CSF2RA.MOLGRAMOSTIM,1
Genes.CSF2RA.MOLGRAMOSTIMMILODISTIM,1
Genes.CSF2RA.MOLGRAMOSTIMMILODISTIMMAVRILIMUMAB,2
Genes.CSF2RA.MOLGRAMOSTIMMILODISTIMMAVRILIMUMABOTILIMAB,2
Genes.CSF2RA.MOLGRAMOSTIMMILODISTIMMAVRILIMUMABOTILIMABSARGRAMOSTIM,1
Genes.JAK2.MOMELOTINIB,1
Genes.JAK2.MOMELOTINIBGANDOTINIB,1
Genes.JAK2.MOMELOTINIBGANDOTINIBITACITINIB,2
Genes.JAK2.MOMELOTINIBGANDOTINIBITACITINIBCERDULATINIB,3
Genes.JAK2.MOMELOTINIBGANDOTINIBITACITINIBCERDULATINIBPACRITINIB,2
Genes.JAK2.MOMELOTINIBGANDOTINIBITACITINIBCERDULATINIBPACRITINIBNS-018,1
Genes.JAK2.MOMELOTINIBGANDOTINIBITACITINIBCERDULATINIBPACRITINIBNS-018CT-1578,1
Genes.JAK2.MOMELOTINIBGANDOTINIBITACITINIBCERDULATINIBPACRITINIBNS-018CT-1578AC-430,1
Genes.JAK2.MOMELOTINIBGANDOTINIBITACITINIBCERDULATINIBPACRITINIBNS-018CT-1578AC-430BMS-911543,1
Genes.JAK2.MOMELOTINIBGANDOTINIBITACITINIBCERDULATINIBPACRITINIBNS-018CT-1578AC-430BMS-911543RUXOLITINIB,3
Genes.JAK2.MOMELOTINIBGANDOTINIBITACITINIBCERDULATINIBPACRITINIBNS-018CT-1578AC-430BMS-911543RUXOLITINIBBARICITINIB,3
Genes.JAK2.MOMELOTINIBGANDOTINIBITACITINIBCERDULATINIBPACRITINIBNS-018CT-1578AC-430BMS-911543RUXOLITINIBBARICITINIBAZD-1480,1
Genes.JAK2.MOMELOTINIBGANDOTINIBITACITINIBCERDULATINIBPACRITINIBNS-018CT-1578AC-430BMS-911543RUXOLITINIBBARICITINIBAZD-1480XL-019,1
Genes.JAK2.MOMELOTINIBGANDOTINIBITACITINIBCERDULATINIBPACRITINIBNS-018CT-1578AC-430BMS-911543RUXOLITINIBBARICITINIBAZD-1480XL-019GIVINOSTAT,2
Genes.JAK2.MOMELOTINIBGANDOTINIBITACITINIBCERDULATINIBPACRITINIBNS-018CT-1578AC-430BMS-911543RUXOLITINIBBARICITINIBAZD-1480XL-019GIVINOSTATFEDRATINIB,1
Genes.HGF.MP-0250,2
Genes.HGF.MP-0250FICLATUZUMAB,1
Genes.PNLIP.MS-1819,1
Genes.PNLIP.MS-1819ORLISTAT,1
Genes.PNLIP.MS-1819ORLISTATDALBAVANCIN,1
Genes.PNLIP.MS-1819ORLISTATDALBAVANCINLIPROTAMASE,1
Genes.IFNA2.NADOFARAGENE FIRADENOVEC,1
Genes.CCL3.NAGRESTIPEN,1
Genes.CSF2.NAMILUMAB,1
Genes.CSF2.NAMILUMABCABIRALIZUMAB,1
Genes.CSF2.NAMILUMABCABIRALIZUMABMAVRILIMUMAB,2
Genes.CSF2.NAMILUMABCABIRALIZUMABMAVRILIMUMABPEXASTIMOGENE DEVACIREPVEC,1
Genes.CSF2.NAMILUMABCABIRALIZUMABMAVRILIMUMABPEXASTIMOGENE DEVACIREPVECGIMSILUMAB,1
Genes.CSF2.NAMILUMABCABIRALIZUMABMAVRILIMUMABPEXASTIMOGENE DEVACIREPVECGIMSILUMABOTILIMAB,2
Genes.CSF2.NAMILUMABCABIRALIZUMABMAVRILIMUMABPEXASTIMOGENE DEVACIREPVECGIMSILUMABOTILIMABLENZILUMAB,1
Genes.HDAC3.NANATINOSTAT,3
Genes.HDAC2.NANATINOSTAT,3
Genes.CCND1.NAVITOCLAX,3
Genes.CCND1.NAVITOCLAXBRICICLIB,1
Genes.MAPK11.NEFLAMAPIMOD,3
Genes.MAPK11.NEFLAMAPIMODCI-1040,9
Genes.MAPK14.NEFLAMAPIMOD,3
Genes.MAPK14.NEFLAMAPIMODVX-702,1
Genes.MAPK14.NEFLAMAPIMODVX-702CI-1040,9
Genes.MAPK14.NEFLAMAPIMODVX-702CI-1040DILMAPIMOD,1
Genes.MAPK14.NEFLAMAPIMODVX-702CI-1040DILMAPIMODLOSMAPIMOD,1
Genes.MAPK14.NEFLAMAPIMODVX-702CI-1040DILMAPIMODLOSMAPIMODSEMAPIMOD,2
Genes.MAPK14.NEFLAMAPIMODVX-702CI-1040DILMAPIMODLOSMAPIMODSEMAPIMODGSK-610677,1
Genes.PPARG.NETOGLITAZONE,1
Genes.PPARG.NETOGLITAZONEIMIGLITAZAR,1
Genes.PPARG.NETOGLITAZONEIMIGLITAZARPIOGLITAZONE,1
Genes.PPARG.NETOGLITAZONEIMIGLITAZARPIOGLITAZONEDB959,2
Genes.PPARG.NETOGLITAZONEIMIGLITAZARPIOGLITAZONEDB959ATX08-001,1
Genes.PPARG.NETOGLITAZONEIMIGLITAZARPIOGLITAZONEDB959ATX08-001BALAGLITAZONE,1
Genes.PPARG.NETOGLITAZONEIMIGLITAZARPIOGLITAZONEDB959ATX08-001BALAGLITAZONETHIAZOLIDINEDIONE,1
Genes.PPARG.NETOGLITAZONEIMIGLITAZARPIOGLITAZONEDB959ATX08-001BALAGLITAZONETHIAZOLIDINEDIONEMURAGLITAZAR,1
Genes.PPARG.NETOGLITAZONEIMIGLITAZARPIOGLITAZONEDB959ATX08-001BALAGLITAZONETHIAZOLIDINEDIONEMURAGLITAZARLOBEGLITAZONE,1
Genes.PPARG.NETOGLITAZONEIMIGLITAZARPIOGLITAZONEDB959ATX08-001BALAGLITAZONETHIAZOLIDINEDIONEMURAGLITAZARLOBEGLITAZONEOXEGLITAZAR,1
Genes.PPARG.NETOGLITAZONEIMIGLITAZARPIOGLITAZONEDB959ATX08-001BALAGLITAZONETHIAZOLIDINEDIONEMURAGLITAZARLOBEGLITAZONEOXEGLITAZARNAVEGLITAZAR,1
Genes.PPARG.NETOGLITAZONEIMIGLITAZARPIOGLITAZONEDB959ATX08-001BALAGLITAZONETHIAZOLIDINEDIONEMURAGLITAZARLOBEGLITAZONEOXEGLITAZARNAVEGLITAZARTESAGLITAZAR,1
Genes.PPARG.NETOGLITAZONEIMIGLITAZARPIOGLITAZONEDB959ATX08-001BALAGLITAZONETHIAZOLIDINEDIONEMURAGLITAZARLOBEGLITAZONEOXEGLITAZARNAVEGLITAZARTESAGLITAZARMBX-2044,1
Genes.PPARG.NETOGLITAZONEIMIGLITAZARPIOGLITAZONEDB959ATX08-001BALAGLITAZONETHIAZOLIDINEDIONEMURAGLITAZARLOBEGLITAZONEOXEGLITAZARNAVEGLITAZARTESAGLITAZARMBX-2044RAGAGLITAZAR,1
Genes.PPARG.NETOGLITAZONEIMIGLITAZARPIOGLITAZONEDB959ATX08-001BALAGLITAZONETHIAZOLIDINEDIONEMURAGLITAZARLOBEGLITAZONEOXEGLITAZARNAVEGLITAZARTESAGLITAZARMBX-2044RAGAGLITAZARTROGLITAZONE,1
Genes.PPARG.NETOGLITAZONEIMIGLITAZARPIOGLITAZONEDB959ATX08-001BALAGLITAZONETHIAZOLIDINEDIONEMURAGLITAZARLOBEGLITAZONEOXEGLITAZARNAVEGLITAZARTESAGLITAZARMBX-2044RAGAGLITAZARTROGLITAZONEOMS405,1
Genes.PPARG.NETOGLITAZONEIMIGLITAZARPIOGLITAZONEDB959ATX08-001BALAGLITAZONETHIAZOLIDINEDIONEMURAGLITAZARLOBEGLITAZONEOXEGLITAZARNAVEGLITAZARTESAGLITAZARMBX-2044RAGAGLITAZARTROGLITAZONEOMS405RIVOGLITAZONE,1
Genes.PPARG.NETOGLITAZONEIMIGLITAZARPIOGLITAZONEDB959ATX08-001BALAGLITAZONETHIAZOLIDINEDIONEMURAGLITAZARLOBEGLITAZONEOXEGLITAZARNAVEGLITAZARTESAGLITAZARMBX-2044RAGAGLITAZARTROGLITAZONEOMS405RIVOGLITAZONEGLITAZONE,1
Genes.PPARG.NETOGLITAZONEIMIGLITAZARPIOGLITAZONEDB959ATX08-001BALAGLITAZONETHIAZOLIDINEDIONEMURAGLITAZARLOBEGLITAZONEOXEGLITAZARNAVEGLITAZARTESAGLITAZARMBX-2044RAGAGLITAZARTROGLITAZONEOMS405RIVOGLITAZONEGLITAZONECLX-0921,1
Genes.PPARG.NETOGLITAZONEIMIGLITAZARPIOGLITAZONEDB959ATX08-001BALAGLITAZONETHIAZOLIDINEDIONEMURAGLITAZARLOBEGLITAZONEOXEGLITAZARNAVEGLITAZARTESAGLITAZARMBX-2044RAGAGLITAZARTROGLITAZONEOMS405RIVOGLITAZONEGLITAZONECLX-0921ARHALOFENATE,1
Genes.PPARG.NETOGLITAZONEIMIGLITAZARPIOGLITAZONEDB959ATX08-001BALAGLITAZONETHIAZOLIDINEDIONEMURAGLITAZARLOBEGLITAZONEOXEGLITAZARNAVEGLITAZARTESAGLITAZARMBX-2044RAGAGLITAZARTROGLITAZONEOMS405RIVOGLITAZONEGLITAZONECLX-0921ARHALOFENATEFARGLITAZAR,1
Genes.ADRA2A.NICERGOLINE,1
Genes.ADRA2A.NICERGOLINEMEPERIDINE,1
Genes.ADRA2A.NICERGOLINEMEPERIDINEFIPAMEZOLE,1
Genes.ADRA2A.NICERGOLINEMEPERIDINEFIPAMEZOLEDEXMEDETOMIDINE,1
Genes.ADRA2A.NICERGOLINEMEPERIDINEFIPAMEZOLEDEXMEDETOMIDINEFADOLMIDINE,2
Genes.ADRA2A.NICERGOLINEMEPERIDINEFIPAMEZOLEDEXMEDETOMIDINEFADOLMIDINEYOHIMBINE,1
Genes.ADRA2A.NICERGOLINEMEPERIDINEFIPAMEZOLEDEXMEDETOMIDINEFADOLMIDINEYOHIMBINEAPRACLONIDINE,1
Genes.ADRA2A.NICERGOLINEMEPERIDINEFIPAMEZOLEDEXMEDETOMIDINEFADOLMIDINEYOHIMBINEAPRACLONIDINETIZANIDINE,1
Genes.ADRA2A.NICERGOLINEMEPERIDINEFIPAMEZOLEDEXMEDETOMIDINEFADOLMIDINEYOHIMBINEAPRACLONIDINETIZANIDINEMOXONIDINE,2
Genes.ADRA2A.NICERGOLINEMEPERIDINEFIPAMEZOLEDEXMEDETOMIDINEFADOLMIDINEYOHIMBINEAPRACLONIDINETIZANIDINEMOXONIDINELOFEXIDINE,1
Genes.ADRA2A.NICERGOLINEMEPERIDINEFIPAMEZOLEDEXMEDETOMIDINEFADOLMIDINEYOHIMBINEAPRACLONIDINETIZANIDINEMOXONIDINELOFEXIDINEMEDETOMIDINE,2
Genes.ADRA2A.NICERGOLINEMEPERIDINEFIPAMEZOLEDEXMEDETOMIDINEFADOLMIDINEYOHIMBINEAPRACLONIDINETIZANIDINEMOXONIDINELOFEXIDINEMEDETOMIDINEGUANABENZ,1
Genes.ADRA2A.NICERGOLINEMEPERIDINEFIPAMEZOLEDEXMEDETOMIDINEFADOLMIDINEYOHIMBINEAPRACLONIDINETIZANIDINEMOXONIDINELOFEXIDINEMEDETOMIDINEGUANABENZBRIMONIDINE,2
Genes.ADRA2A.NICERGOLINEMEPERIDINEFIPAMEZOLEDEXMEDETOMIDINEFADOLMIDINEYOHIMBINEAPRACLONIDINETIZANIDINEMOXONIDINELOFEXIDINEMEDETOMIDINEGUANABENZBRIMONIDINEOXYMETAZOLINE,1
Genes.ADRA2A.NICERGOLINEMEPERIDINEFIPAMEZOLEDEXMEDETOMIDINEFADOLMIDINEYOHIMBINEAPRACLONIDINETIZANIDINEMOXONIDINELOFEXIDINEMEDETOMIDINEGUANABENZBRIMONIDINEOXYMETAZOLINECLONIDINE,1
Genes.APP.NIROGACESTAT,1
Genes.APP.NIROGACESTATCURCUMIN,5
Genes.APP.NIROGACESTATCURCUMINPONEZUMAB,1
Genes.APP.NIROGACESTATCURCUMINPONEZUMABCRENEZUMAB,1
Genes.APP.NIROGACESTATCURCUMINPONEZUMABCRENEZUMABTRAMIPROSATE,1
Genes.APP.NIROGACESTATCURCUMINPONEZUMABCRENEZUMABTRAMIPROSATEBAPINEUZUMAB,1
Genes.APP.NIROGACESTATCURCUMINPONEZUMABCRENEZUMABTRAMIPROSATEBAPINEUZUMABBAN2401,1
Genes.APP.NIROGACESTATCURCUMINPONEZUMABCRENEZUMABTRAMIPROSATEBAPINEUZUMABBAN2401SOLANEZUMAB,1
Genes.APP.NIROGACESTATCURCUMINPONEZUMABCRENEZUMABTRAMIPROSATEBAPINEUZUMABBAN2401SOLANEZUMABGANTENERUMAB,1
Genes.APP.NIROGACESTATCURCUMINPONEZUMABCRENEZUMABTRAMIPROSATEBAPINEUZUMABBAN2401SOLANEZUMABGANTENERUMABGSK933776,1
Genes.APP.NIROGACESTATCURCUMINPONEZUMABCRENEZUMABTRAMIPROSATEBAPINEUZUMABBAN2401SOLANEZUMABGANTENERUMABGSK933776T-817 MALEATE,1
Genes.APP.NIROGACESTATCURCUMINPONEZUMABCRENEZUMABTRAMIPROSATEBAPINEUZUMABBAN2401SOLANEZUMABGANTENERUMABGSK933776T-817 MALEATESCYLLITOL,1
Genes.APP.NIROGACESTATCURCUMINPONEZUMABCRENEZUMABTRAMIPROSATEBAPINEUZUMABBAN2401SOLANEZUMABGANTENERUMABGSK933776T-817 MALEATESCYLLITOLMETHYLINOSITOL,1
Genes.ITPR1.NITROPRUSSIDE,1
Genes.PIK3CG.NM-404,1
Genes.PIK3CG.NM-404GDC-0077,1
Genes.PIK3CG.NM-404GDC-0077OMIPALISIB,1
Genes.PIK3CG.NM-404GDC-0077OMIPALISIBRIGOSERTIB,1
Genes.PIK3CG.NM-404GDC-0077OMIPALISIBRIGOSERTIBTASELISIB,2
Genes.PIK3CG.NM-404GDC-0077OMIPALISIBRIGOSERTIBTASELISIBGEDATOLISIB,2
Genes.PIK3CG.NM-404GDC-0077OMIPALISIBRIGOSERTIBTASELISIBGEDATOLISIBTG100-115,1
Genes.PIK3CG.NM-404GDC-0077OMIPALISIBRIGOSERTIBTASELISIBGEDATOLISIBTG100-115FIMEPINOSTAT,1
Genes.PIK3CG.NM-404GDC-0077OMIPALISIBRIGOSERTIBTASELISIBGEDATOLISIBTG100-115FIMEPINOSTATDUVELISIB,2
Genes.PIK3CG.NM-404GDC-0077OMIPALISIBRIGOSERTIBTASELISIBGEDATOLISIBTG100-115FIMEPINOSTATDUVELISIBAZD-8186,2
Genes.PIK3CG.NM-404GDC-0077OMIPALISIBRIGOSERTIBTASELISIBGEDATOLISIBTG100-115FIMEPINOSTATDUVELISIBAZD-8186SONOLISIB,1
Genes.PIK3CG.NM-404GDC-0077OMIPALISIBRIGOSERTIBTASELISIBGEDATOLISIBTG100-115FIMEPINOSTATDUVELISIBAZD-8186SONOLISIBENZASTAURIN,3
Genes.PIK3CG.NM-404GDC-0077OMIPALISIBRIGOSERTIBTASELISIBGEDATOLISIBTG100-115FIMEPINOSTATDUVELISIBAZD-8186SONOLISIBENZASTAURINBGT-226,2
Genes.PIK3CG.NM-404GDC-0077OMIPALISIBRIGOSERTIBTASELISIBGEDATOLISIBTG100-115FIMEPINOSTATDUVELISIBAZD-8186SONOLISIBENZASTAURINBGT-226PILARALISIB,1
Genes.PIK3CG.NM-404GDC-0077OMIPALISIBRIGOSERTIBTASELISIBGEDATOLISIBTG100-115FIMEPINOSTATDUVELISIBAZD-8186SONOLISIBENZASTAURINBGT-226PILARALISIBVS-5584,2
Genes.PIK3CG.NM-404GDC-0077OMIPALISIBRIGOSERTIBTASELISIBGEDATOLISIBTG100-115FIMEPINOSTATDUVELISIBAZD-8186SONOLISIBENZASTAURINBGT-226PILARALISIBVS-5584DS-7423,2
Genes.PIK3CG.NM-404GDC-0077OMIPALISIBRIGOSERTIBTASELISIBGEDATOLISIBTG100-115FIMEPINOSTATDUVELISIBAZD-8186SONOLISIBENZASTAURINBGT-226PILARALISIBVS-5584DS-7423UMBRALISIB TOSYLATE,2
Genes.PIK3CG.NM-404GDC-0077OMIPALISIBRIGOSERTIBTASELISIBGEDATOLISIBTG100-115FIMEPINOSTATDUVELISIBAZD-8186SONOLISIBENZASTAURINBGT-226PILARALISIBVS-5584DS-7423UMBRALISIB TOSYLATEPF-04691502,2
Genes.PIK3CG.NM-404GDC-0077OMIPALISIBRIGOSERTIBTASELISIBGEDATOLISIBTG100-115FIMEPINOSTATDUVELISIBAZD-8186SONOLISIBENZASTAURINBGT-226PILARALISIBVS-5584DS-7423UMBRALISIB TOSYLATEPF-04691502BIMIRALISIB,3
Genes.PIK3CG.NM-404GDC-0077OMIPALISIBRIGOSERTIBTASELISIBGEDATOLISIBTG100-115FIMEPINOSTATDUVELISIBAZD-8186SONOLISIBENZASTAURINBGT-226PILARALISIBVS-5584DS-7423UMBRALISIB TOSYLATEPF-04691502BIMIRALISIBPERIFOSINE,1
Genes.PIK3CG.NM-404GDC-0077OMIPALISIBRIGOSERTIBTASELISIBGEDATOLISIBTG100-115FIMEPINOSTATDUVELISIBAZD-8186SONOLISIBENZASTAURINBGT-226PILARALISIBVS-5584DS-7423UMBRALISIB TOSYLATEPF-04691502BIMIRALISIBPERIFOSINEBUPARLISIB,4
Genes.PIK3CG.NM-404GDC-0077OMIPALISIBRIGOSERTIBTASELISIBGEDATOLISIBTG100-115FIMEPINOSTATDUVELISIBAZD-8186SONOLISIBENZASTAURINBGT-226PILARALISIBVS-5584DS-7423UMBRALISIB TOSYLATEPF-04691502BIMIRALISIBPERIFOSINEBUPARLISIBRG-7666,1
Genes.PIK3CG.NM-404GDC-0077OMIPALISIBRIGOSERTIBTASELISIBGEDATOLISIBTG100-115FIMEPINOSTATDUVELISIBAZD-8186SONOLISIBENZASTAURINBGT-226PILARALISIBVS-5584DS-7423UMBRALISIB TOSYLATEPF-04691502BIMIRALISIBPERIFOSINEBUPARLISIBRG-7666IPI-549,1
Genes.PIK3CG.NM-404GDC-0077OMIPALISIBRIGOSERTIBTASELISIBGEDATOLISIBTG100-115FIMEPINOSTATDUVELISIBAZD-8186SONOLISIBENZASTAURINBGT-226PILARALISIBVS-5584DS-7423UMBRALISIB TOSYLATEPF-04691502BIMIRALISIBPERIFOSINEBUPARLISIBRG-7666IPI-549BERZOSERTIB,2
Genes.PIK3CG.NM-404GDC-0077OMIPALISIBRIGOSERTIBTASELISIBGEDATOLISIBTG100-115FIMEPINOSTATDUVELISIBAZD-8186SONOLISIBENZASTAURINBGT-226PILARALISIBVS-5584DS-7423UMBRALISIB TOSYLATEPF-04691502BIMIRALISIBPERIFOSINEBUPARLISIBRG-7666IPI-549BERZOSERTIBPA-799,4
Genes.PIK3CG.NM-404GDC-0077OMIPALISIBRIGOSERTIBTASELISIBGEDATOLISIBTG100-115FIMEPINOSTATDUVELISIBAZD-8186SONOLISIBENZASTAURINBGT-226PILARALISIBVS-5584DS-7423UMBRALISIB TOSYLATEPF-04691502BIMIRALISIBPERIFOSINEBUPARLISIBRG-7666IPI-549BERZOSERTIBPA-799VOXTALISIB,2
Genes.PIK3CG.NM-404GDC-0077OMIPALISIBRIGOSERTIBTASELISIBGEDATOLISIBTG100-115FIMEPINOSTATDUVELISIBAZD-8186SONOLISIBENZASTAURINBGT-226PILARALISIBVS-5584DS-7423UMBRALISIB TOSYLATEPF-04691502BIMIRALISIBPERIFOSINEBUPARLISIBRG-7666IPI-549BERZOSERTIBPA-799VOXTALISIBDACTOLISIB,2
Genes.RARA.NRX195183,1
Genes.RARA.NRX195183TAMIBAROTENE,1
Genes.BCL2.OBATOCLAX,2
Genes.BCL2.OBATOCLAXNAVITOCLAX,3
Genes.BCL2.OBATOCLAXNAVITOCLAXEDARAVONE,1
Genes.BCL2.OBATOCLAXNAVITOCLAXEDARAVONEPACLITAXEL,1
Genes.BCL2.OBATOCLAXNAVITOCLAXEDARAVONEPACLITAXELVENETOCLAX,1
Genes.BCL2.OBATOCLAXNAVITOCLAXEDARAVONEPACLITAXELVENETOCLAXGOSSYPOL,1
Genes.BCL2.OBATOCLAXNAVITOCLAXEDARAVONEPACLITAXELVENETOCLAXGOSSYPOLOBLIMERSEN,1
Genes.BCL2L1.OBATOCLAX,2
Genes.BCL2L1.OBATOCLAXNAVITOCLAX,3
Genes.FN1.OCRIPLASMIN,1
Genes.TNF.ORTATAXEL,1
Genes.TNF.ORTATAXELGOLIMUMAB,1
Genes.TNF.ORTATAXELGOLIMUMABADALIMUMAB,1
Genes.TNF.ORTATAXELGOLIMUMABADALIMUMABCERTOLIZUMAB,1
Genes.TNF.ORTATAXELGOLIMUMABADALIMUMABCERTOLIZUMABABBV-257,1
Genes.TNF.ORTATAXELGOLIMUMABADALIMUMABCERTOLIZUMABABBV-257PLACULUMAB,1
Genes.TNF.ORTATAXELGOLIMUMABADALIMUMABCERTOLIZUMABABBV-257PLACULUMABREMTOLUMAB,1
Genes.TNF.ORTATAXELGOLIMUMABADALIMUMABCERTOLIZUMABABBV-257PLACULUMABREMTOLUMABLENABASUM,1
Genes.TNF.ORTATAXELGOLIMUMABADALIMUMABCERTOLIZUMABABBV-257PLACULUMABREMTOLUMABLENABASUMLENALIDOMIDE,1
Genes.TNF.ORTATAXELGOLIMUMABADALIMUMABCERTOLIZUMABABBV-257PLACULUMABREMTOLUMABLENABASUMLENALIDOMIDEPENTOXIFYLLINE,1
Genes.TNF.ORTATAXELGOLIMUMABADALIMUMABCERTOLIZUMABABBV-257PLACULUMABREMTOLUMABLENABASUMLENALIDOMIDEPENTOXIFYLLINEENBREL,1
Genes.TNF.ORTATAXELGOLIMUMABADALIMUMABCERTOLIZUMABABBV-257PLACULUMABREMTOLUMABLENABASUMLENALIDOMIDEPENTOXIFYLLINEENBRELTHALIDOMIDE,1
Genes.TNF.ORTATAXELGOLIMUMABADALIMUMABCERTOLIZUMABABBV-257PLACULUMABREMTOLUMABLENABASUMLENALIDOMIDEPENTOXIFYLLINEENBRELTHALIDOMIDEPEGSUNERCEPT,1
Genes.TNF.ORTATAXELGOLIMUMABADALIMUMABCERTOLIZUMABABBV-257PLACULUMABREMTOLUMABLENABASUMLENALIDOMIDEPENTOXIFYLLINEENBRELTHALIDOMIDEPEGSUNERCEPTNAFAMOSTAT,1
Genes.TNF.ORTATAXELGOLIMUMABADALIMUMABCERTOLIZUMABABBV-257PLACULUMABREMTOLUMABLENABASUMLENALIDOMIDEPENTOXIFYLLINEENBRELTHALIDOMIDEPEGSUNERCEPTNAFAMOSTATCELASTROL,2
Genes.TNF.ORTATAXELGOLIMUMABADALIMUMABCERTOLIZUMABABBV-257PLACULUMABREMTOLUMABLENABASUMLENALIDOMIDEPENTOXIFYLLINEENBRELTHALIDOMIDEPEGSUNERCEPTNAFAMOSTATCELASTROLINFLIXIMAB,1
Genes.TNF.ORTATAXELGOLIMUMABADALIMUMABCERTOLIZUMABABBV-257PLACULUMABREMTOLUMABLENABASUMLENALIDOMIDEPENTOXIFYLLINEENBRELTHALIDOMIDEPEGSUNERCEPTNAFAMOSTATCELASTROLINFLIXIMABETANERCEPT,1
Genes.AR.OXANDROLONE,1
Genes.AR.OXANDROLONEFLUOXYMESTERONE,1
Genes.AR.OXANDROLONEFLUOXYMESTERONEAZD-5312,1
Genes.AR.OXANDROLONEFLUOXYMESTERONEAZD-5312GLPG0492,1
Genes.AR.OXANDROLONEFLUOXYMESTERONEAZD-5312GLPG0492MK-0773,1
Genes.AR.OXANDROLONEFLUOXYMESTERONEAZD-5312GLPG0492MK-0773FLUDROCORTISONE,1
Genes.AR.OXANDROLONEFLUOXYMESTERONEAZD-5312GLPG0492MK-0773FLUDROCORTISONECLASCOTERONE,1
Genes.AR.OXANDROLONEFLUOXYMESTERONEAZD-5312GLPG0492MK-0773FLUDROCORTISONECLASCOTERONEFLUTAMIDE,1
Genes.AR.OXANDROLONEFLUOXYMESTERONEAZD-5312GLPG0492MK-0773FLUDROCORTISONECLASCOTERONEFLUTAMIDEAZD3514,1
Genes.AR.OXANDROLONEFLUOXYMESTERONEAZD-5312GLPG0492MK-0773FLUDROCORTISONECLASCOTERONEFLUTAMIDEAZD3514APALUTAMIDE,1
Genes.AR.OXANDROLONEFLUOXYMESTERONEAZD-5312GLPG0492MK-0773FLUDROCORTISONECLASCOTERONEFLUTAMIDEAZD3514APALUTAMIDEZANOTERONE,1
Genes.AR.OXANDROLONEFLUOXYMESTERONEAZD-5312GLPG0492MK-0773FLUDROCORTISONECLASCOTERONEFLUTAMIDEAZD3514APALUTAMIDEZANOTERONENILUTAMIDE,1
Genes.AR.OXANDROLONEFLUOXYMESTERONEAZD-5312GLPG0492MK-0773FLUDROCORTISONECLASCOTERONEFLUTAMIDEAZD3514APALUTAMIDEZANOTERONENILUTAMIDEBICALUTAMIDE,1
Genes.AR.OXANDROLONEFLUOXYMESTERONEAZD-5312GLPG0492MK-0773FLUDROCORTISONECLASCOTERONEFLUTAMIDEAZD3514APALUTAMIDEZANOTERONENILUTAMIDEBICALUTAMIDETESTOSTERONE,1
Genes.AR.OXANDROLONEFLUOXYMESTERONEAZD-5312GLPG0492MK-0773FLUDROCORTISONECLASCOTERONEFLUTAMIDEAZD3514APALUTAMIDEZANOTERONENILUTAMIDEBICALUTAMIDETESTOSTERONEAPC-100,1
Genes.AR.OXANDROLONEFLUOXYMESTERONEAZD-5312GLPG0492MK-0773FLUDROCORTISONECLASCOTERONEFLUTAMIDEAZD3514APALUTAMIDEZANOTERONENILUTAMIDEBICALUTAMIDETESTOSTERONEAPC-100ETHYLESTRENOL,1
Genes.AR.OXANDROLONEFLUOXYMESTERONEAZD-5312GLPG0492MK-0773FLUDROCORTISONECLASCOTERONEFLUTAMIDEAZD3514APALUTAMIDEZANOTERONENILUTAMIDEBICALUTAMIDETESTOSTERONEAPC-100ETHYLESTRENOLCYPROTERONE,1
Genes.AR.OXANDROLONEFLUOXYMESTERONEAZD-5312GLPG0492MK-0773FLUDROCORTISONECLASCOTERONEFLUTAMIDEAZD3514APALUTAMIDEZANOTERONENILUTAMIDEBICALUTAMIDETESTOSTERONEAPC-100ETHYLESTRENOLCYPROTERONEANDROSTANOLONE,1
Genes.AR.OXANDROLONEFLUOXYMESTERONEAZD-5312GLPG0492MK-0773FLUDROCORTISONECLASCOTERONEFLUTAMIDEAZD3514APALUTAMIDEZANOTERONENILUTAMIDEBICALUTAMIDETESTOSTERONEAPC-100ETHYLESTRENOLCYPROTERONEANDROSTANOLONEDROMOSTANOLONE,1
Genes.AR.OXANDROLONEFLUOXYMESTERONEAZD-5312GLPG0492MK-0773FLUDROCORTISONECLASCOTERONEFLUTAMIDEAZD3514APALUTAMIDEZANOTERONENILUTAMIDEBICALUTAMIDETESTOSTERONEAPC-100ETHYLESTRENOLCYPROTERONEANDROSTANOLONEDROMOSTANOLONEHYDROXYFLUTAMIDE,1
Genes.AR.OXANDROLONEFLUOXYMESTERONEAZD-5312GLPG0492MK-0773FLUDROCORTISONECLASCOTERONEFLUTAMIDEAZD3514APALUTAMIDEZANOTERONENILUTAMIDEBICALUTAMIDETESTOSTERONEAPC-100ETHYLESTRENOLCYPROTERONEANDROSTANOLONEDROMOSTANOLONEHYDROXYFLUTAMIDEENZALUTAMIDE,1
Genes.AR.OXANDROLONEFLUOXYMESTERONEAZD-5312GLPG0492MK-0773FLUDROCORTISONECLASCOTERONEFLUTAMIDEAZD3514APALUTAMIDEZANOTERONENILUTAMIDEBICALUTAMIDETESTOSTERONEAPC-100ETHYLESTRENOLCYPROTERONEANDROSTANOLONEDROMOSTANOLONEHYDROXYFLUTAMIDEENZALUTAMIDEPRASTERONE,1
Genes.AR.OXANDROLONEFLUOXYMESTERONEAZD-5312GLPG0492MK-0773FLUDROCORTISONECLASCOTERONEFLUTAMIDEAZD3514APALUTAMIDEZANOTERONENILUTAMIDEBICALUTAMIDETESTOSTERONEAPC-100ETHYLESTRENOLCYPROTERONEANDROSTANOLONEDROMOSTANOLONEHYDROXYFLUTAMIDEENZALUTAMIDEPRASTERONEGALETERONE,1
Genes.AR.OXANDROLONEFLUOXYMESTERONEAZD-5312GLPG0492MK-0773FLUDROCORTISONECLASCOTERONEFLUTAMIDEAZD3514APALUTAMIDEZANOTERONENILUTAMIDEBICALUTAMIDETESTOSTERONEAPC-100ETHYLESTRENOLCYPROTERONEANDROSTANOLONEDROMOSTANOLONEHYDROXYFLUTAMIDEENZALUTAMIDEPRASTERONEGALETERONERAD-140,1
Genes.AR.OXANDROLONEFLUOXYMESTERONEAZD-5312GLPG0492MK-0773FLUDROCORTISONECLASCOTERONEFLUTAMIDEAZD3514APALUTAMIDEZANOTERONENILUTAMIDEBICALUTAMIDETESTOSTERONEAPC-100ETHYLESTRENOLCYPROTERONEANDROSTANOLONEDROMOSTANOLONEHYDROXYFLUTAMIDEENZALUTAMIDEPRASTERONEGALETERONERAD-140NANDROLONE,1
Genes.TTR.PATISIRAN,1
Genes.TTR.PATISIRANINOTERSEN,1
Genes.C3.PEGCETACOPLAN,1
Genes.PDGFB.PEGPLERANIB SODIUM,1
Genes.CTSS.PETESICATIB,1
Genes.IL6.PF-04236921,1
Genes.IL6.PF-04236921OLOKIZUMAB,1
Genes.IL6.PF-04236921OLOKIZUMABSIRUKUMAB,2
Genes.IL6.PF-04236921OLOKIZUMABSIRUKUMABSILTUXIMAB,1
Genes.IL6.PF-04236921OLOKIZUMABSIRUKUMABSILTUXIMABCLAZAKIZUMAB,1
Genes.IL6.PF-04236921OLOKIZUMABSIRUKUMABSILTUXIMABCLAZAKIZUMABCOR-001,1
Genes.IL6.PF-04236921OLOKIZUMABSIRUKUMABSILTUXIMABCLAZAKIZUMABCOR-001IBUDILAST,2
Genes.ACACB.PF-05175157,1
Genes.ACACB.PF-05175157METFORMIN,1
Genes.IFNB1.PF-06823859,1
Genes.IFNB1.PF-06823859PLEGRIDY,1
Genes.PPT1.PLITIDEPSIN,1
Genes.BRAF.PLX8394,1
Genes.BRAF.PLX8394XL-281,1
Genes.BRAF.PLX8394XL-281VEMURAFENIB,1
Genes.BRAF.PLX8394XL-281VEMURAFENIBRG-7256,1
Genes.BRAF.PLX8394XL-281VEMURAFENIBRG-7256LIFIRAFENIB,1
Genes.BRAF.PLX8394XL-281VEMURAFENIBRG-7256LIFIRAFENIBDABRAFENIB,1
Genes.BRAF.PLX8394XL-281VEMURAFENIBRG-7256LIFIRAFENIBDABRAFENIBENCORAFENIB,1
Genes.BRAF.PLX8394XL-281VEMURAFENIBRG-7256LIFIRAFENIBDABRAFENIBENCORAFENIBCEP-32496,2
Genes.CREBBP.PRI-724,1
Genes.ABCA1.PROBUCOL,1
Genes.PPIA.PROLINE,1
Genes.HSP90AB1.PU-H71,1
Genes.HSP90AB1.PU-H71CHEMBL553939,2
Genes.HSP90AB1.PU-H71CHEMBL553939TAS-116,1
Genes.TXN.PX-12,1
Genes.AGER.PYRIDOXAMINE,1
Genes.IGHE.QUILIZUMAB,1
Genes.GRIN2B.RADIPRODIL,1
Genes.GRIN2B.RADIPRODILELIPRODIL,2
Genes.GRIN2B.RADIPRODILELIPRODILNBQX,2
Genes.GRIN2B.RADIPRODILELIPRODILNBQXRISLENEMDAZ,1
Genes.VEGFA.RANIBIZUMAB,1
Genes.VEGFA.RANIBIZUMABOSI-632,1
Genes.VEGFA.RANIBIZUMABOSI-632MP-0250,2
Genes.VEGFA.RANIBIZUMABOSI-632MP-0250BEVACIZUMAB,1
Genes.VEGFA.RANIBIZUMABOSI-632MP-0250BEVACIZUMABNAVICIXIZUMAB,1
Genes.VEGFA.RANIBIZUMABOSI-632MP-0250BEVACIZUMABNAVICIXIZUMABABICIPAR PEGOL,1
Genes.VEGFA.RANIBIZUMABOSI-632MP-0250BEVACIZUMABNAVICIXIZUMABABICIPAR PEGOLAFLIBERCEPT,2
Genes.VEGFA.RANIBIZUMABOSI-632MP-0250BEVACIZUMABNAVICIXIZUMABABICIPAR PEGOLAFLIBERCEPTRISUTEGANIB,1
Genes.VEGFA.RANIBIZUMABOSI-632MP-0250BEVACIZUMABNAVICIXIZUMABABICIPAR PEGOLAFLIBERCEPTRISUTEGANIBSQUALAMINE,3
Genes.PLG.RANOLAZINE,1
Genes.PLG.RANOLAZINEANISTREPLASE,1
Genes.PLG.RANOLAZINEANISTREPLASEDESMOTEPLASE,1
Genes.PLG.RANOLAZINEANISTREPLASEDESMOTEPLASEALTEPLASE,1
Genes.PLG.RANOLAZINEANISTREPLASEDESMOTEPLASEALTEPLASETENECTEPLASE,1
Genes.PLG.RANOLAZINEANISTREPLASEDESMOTEPLASEALTEPLASETENECTEPLASERETEPLASE,1
Genes.PLG.RANOLAZINEANISTREPLASEDESMOTEPLASEALTEPLASETENECTEPLASERETEPLASEMELAGATRAN,2
Genes.PLG.RANOLAZINEANISTREPLASEDESMOTEPLASEALTEPLASETENECTEPLASERETEPLASEMELAGATRANSTREPTOKINASE,1
Genes.FPR1.REBAMIPIDE,1
Genes.IL3RA.RELMAPIRAZIN,1
Genes.IL3RA.RELMAPIRAZINTAGRAXOFUSP,2
Genes.IL3RA.RELMAPIRAZINTAGRAXOFUSPFLOTETUZUMAB,1
Genes.IL3RA.RELMAPIRAZINTAGRAXOFUSPFLOTETUZUMABTALACOTUZUMAB,2
Genes.IL5.RESLIZUMAB,1
Genes.IL5.RESLIZUMABBENRALIZUMAB,2
Genes.IL5.RESLIZUMABBENRALIZUMABMEPOLIZUMAB,1
Genes.GAA.REVEGLUCOSIDASE ALFA,1
Genes.GAA.REVEGLUCOSIDASE ALFADUVOGLUSTAT,2
Genes.GAA.REVEGLUCOSIDASE ALFADUVOGLUSTATSALACINOL,1
Genes.IMPDH1.RIBAVIRIN,1
Genes.IMPDH1.RIBAVIRINMERCAPTOPURINE,1
Genes.IMPDH1.RIBAVIRINMERCAPTOPURINEMIZORIBINE,1
Genes.IMPDH1.RIBAVIRINMERCAPTOPURINEMIZORIBINETIAZOFURIN,1
Genes.IMPDH1.RIBAVIRINMERCAPTOPURINEMIZORIBINETIAZOFURINTARIBAVIRIN HYDROCHLORIDE,1
Genes.ADRA2C.RILMENIDINE,1
Genes.ADRA2C.RILMENIDINEAMEZINIUM,1
Genes.ADRA2C.RILMENIDINEAMEZINIUMFADOLMIDINE,2
Genes.ADRA2C.RILMENIDINEAMEZINIUMFADOLMIDINETETRASUL,1
Genes.ADRA2C.RILMENIDINEAMEZINIUMFADOLMIDINETETRASULDIHYDROERGOCRISTINE,1
Genes.ADRA2C.RILMENIDINEAMEZINIUMFADOLMIDINETETRASULDIHYDROERGOCRISTINETETRAHYDROZOLINE,1
Genes.ADRA2C.RILMENIDINEAMEZINIUMFADOLMIDINETETRASULDIHYDROERGOCRISTINETETRAHYDROZOLINEMOXONIDINE,2
Genes.ADRA2C.RILMENIDINEAMEZINIUMFADOLMIDINETETRASULDIHYDROERGOCRISTINETETRAHYDROZOLINEMOXONIDINEAMOSULALOL,1
Genes.ADRA2C.RILMENIDINEAMEZINIUMFADOLMIDINETETRASULDIHYDROERGOCRISTINETETRAHYDROZOLINEMOXONIDINEAMOSULALOLXYLOMETAZOLINE,1
Genes.ADRA2C.RILMENIDINEAMEZINIUMFADOLMIDINETETRASULDIHYDROERGOCRISTINETETRAHYDROZOLINEMOXONIDINEAMOSULALOLXYLOMETAZOLINECYCLOBENZAPRINE,1
Genes.ADRA2C.RILMENIDINEAMEZINIUMFADOLMIDINETETRASULDIHYDROERGOCRISTINETETRAHYDROZOLINEMOXONIDINEAMOSULALOLXYLOMETAZOLINECYCLOBENZAPRINEMEDETOMIDINE,2
Genes.ADRA2C.RILMENIDINEAMEZINIUMFADOLMIDINETETRASULDIHYDROERGOCRISTINETETRAHYDROZOLINEMOXONIDINEAMOSULALOLXYLOMETAZOLINECYCLOBENZAPRINEMEDETOMIDINEPROPYLHEXEDRINE,1
Genes.ADRA2C.RILMENIDINEAMEZINIUMFADOLMIDINETETRASULDIHYDROERGOCRISTINETETRAHYDROZOLINEMOXONIDINEAMOSULALOLXYLOMETAZOLINECYCLOBENZAPRINEMEDETOMIDINEPROPYLHEXEDRINEBRIMONIDINE,2
Genes.ADRA2C.RILMENIDINEAMEZINIUMFADOLMIDINETETRASULDIHYDROERGOCRISTINETETRAHYDROZOLINEMOXONIDINEAMOSULALOLXYLOMETAZOLINECYCLOBENZAPRINEMEDETOMIDINEPROPYLHEXEDRINEBRIMONIDINEORM-12741,1
Genes.CAMK2B.RIMACALIB,1
Genes.SELL.RIVIPANSEL,1
Genes.TPH1.RODATRISTAT ETHYL,1
Genes.HDAC1.ROMIDEPSIN,1
Genes.HDAC1.ROMIDEPSINSCRIPTAID,1
Genes.HDAC1.ROMIDEPSINSCRIPTAIDRESMINOSTAT,1
Genes.HDAC1.ROMIDEPSINSCRIPTAIDRESMINOSTATCHEMBL152543,1
Genes.HDAC1.ROMIDEPSINSCRIPTAIDRESMINOSTATCHEMBL152543NANATINOSTAT,3
Genes.HDAC1.ROMIDEPSINSCRIPTAIDRESMINOSTATCHEMBL152543NANATINOSTATDOMATINOSTAT,1
Genes.HDAC1.ROMIDEPSINSCRIPTAIDRESMINOSTATCHEMBL152543NANATINOSTATDOMATINOSTATCHLAMYDOCIN,1
Genes.HDAC1.ROMIDEPSINSCRIPTAIDRESMINOSTATCHEMBL152543NANATINOSTATDOMATINOSTATCHLAMYDOCINOBP-801,1
Genes.HDAC1.ROMIDEPSINSCRIPTAIDRESMINOSTATCHEMBL152543NANATINOSTATDOMATINOSTATCHLAMYDOCINOBP-801DEPUDECIN,1
Genes.HDAC1.ROMIDEPSINSCRIPTAIDRESMINOSTATCHEMBL152543NANATINOSTATDOMATINOSTATCHLAMYDOCINOBP-801DEPUDECINPHENYLBUTANOIC ACID,1
Genes.HDAC1.ROMIDEPSINSCRIPTAIDRESMINOSTATCHEMBL152543NANATINOSTATDOMATINOSTATCHLAMYDOCINOBP-801DEPUDECINPHENYLBUTANOIC ACIDMOCETINOSTAT,1
Genes.HDAC1.ROMIDEPSINSCRIPTAIDRESMINOSTATCHEMBL152543NANATINOSTATDOMATINOSTATCHLAMYDOCINOBP-801DEPUDECINPHENYLBUTANOIC ACIDMOCETINOSTATDACINOSTAT,1
Genes.HDAC1.ROMIDEPSINSCRIPTAIDRESMINOSTATCHEMBL152543NANATINOSTATDOMATINOSTATCHLAMYDOCINOBP-801DEPUDECINPHENYLBUTANOIC ACIDMOCETINOSTATDACINOSTATPANOBINOSTAT,1
Genes.HDAC1.ROMIDEPSINSCRIPTAIDRESMINOSTATCHEMBL152543NANATINOSTATDOMATINOSTATCHLAMYDOCINOBP-801DEPUDECINPHENYLBUTANOIC ACIDMOCETINOSTATDACINOSTATPANOBINOSTATTUCIDINOSTAT,1
Genes.HDAC1.ROMIDEPSINSCRIPTAIDRESMINOSTATCHEMBL152543NANATINOSTATDOMATINOSTATCHLAMYDOCINOBP-801DEPUDECINPHENYLBUTANOIC ACIDMOCETINOSTATDACINOSTATPANOBINOSTATTUCIDINOSTATCHEMBL152133,1
Genes.HDAC1.ROMIDEPSINSCRIPTAIDRESMINOSTATCHEMBL152543NANATINOSTATDOMATINOSTATCHLAMYDOCINOBP-801DEPUDECINPHENYLBUTANOIC ACIDMOCETINOSTATDACINOSTATPANOBINOSTATTUCIDINOSTATCHEMBL152133ENTINOSTAT,1
Genes.HDAC1.ROMIDEPSINSCRIPTAIDRESMINOSTATCHEMBL152543NANATINOSTATDOMATINOSTATCHLAMYDOCINOBP-801DEPUDECINPHENYLBUTANOIC ACIDMOCETINOSTATDACINOSTATPANOBINOSTATTUCIDINOSTATCHEMBL152133ENTINOSTATGIVINOSTAT,2
Genes.HDAC1.ROMIDEPSINSCRIPTAIDRESMINOSTATCHEMBL152543NANATINOSTATDOMATINOSTATCHLAMYDOCINOBP-801DEPUDECINPHENYLBUTANOIC ACIDMOCETINOSTATDACINOSTATPANOBINOSTATTUCIDINOSTATCHEMBL152133ENTINOSTATGIVINOSTATVORINOSTAT,1
Genes.NOS3.RONOPTERIN,1
Genes.NOS3.RONOPTERINL-NAME,1
Genes.IFNA1.RONTALIZUMAB,1
Genes.INPP5D.ROSIPTOR,1
Genes.PLAUR.RUXOLITINIB,3
Genes.NRAS.SALIRASIB,2
Genes.IL6R.SARILUMAB,1
Genes.IL6R.SARILUMABSIRUKUMAB,2
Genes.IL6R.SARILUMABSIRUKUMABTOCILIZUMAB,1
Genes.IL6R.SARILUMABSIRUKUMABTOCILIZUMABSATRALIZUMAB,1
Genes.IL6R.SARILUMABSIRUKUMABTOCILIZUMABSATRALIZUMABVOBARILIZUMAB,1
Genes.MAP2K1.SELUMETINIB,2
Genes.MAP2K2.SELUMETINIB,2
Genes.RAF1.SEMAPIMOD,2
Genes.CSNK2A1.SILMITASERTIB,1
Genes.HBB.DEFERITAZOLE,1
Genes.HBB.DEFERITAZOLEVOXELOTOR,1
Genes.FGF18.SPRIFERMIN,1
Genes.PDGFA.SQUALAMINE,3
Genes.AKT3.SR-13668,1
Genes.AKT3.SR-13668MSC-2363318A,2
Genes.AKT3.SR-13668MSC-2363318AMK-2206,1
Genes.AKT3.SR-13668MSC-2363318AMK-2206CAPIVASERTIB,2
Genes.AKT3.SR-13668MSC-2363318AMK-2206CAPIVASERTIBXL-418,1
Genes.AKT3.SR-13668MSC-2363318AMK-2206CAPIVASERTIBXL-418GSK-690693,1
Genes.AKT3.SR-13668MSC-2363318AMK-2206CAPIVASERTIBXL-418GSK-690693AFURESERTIB,2
Genes.AKT3.SR-13668MSC-2363318AMK-2206CAPIVASERTIBXL-418GSK-690693AFURESERTIBUPROSERTIB,1
Genes.HMOX1.STANNSOPORFIN,1
Genes.FGF2.SUCRALFATE,1
Genes.FGF2.SUCRALFATESQUALAMINE,3
Genes.HPSE.SURAMIN,1
Genes.CHRM3.SUXAMETHONIUM,1
Genes.CHRM3.SUXAMETHONIUMIPRATROPIUM,1
Genes.CHRM3.SUXAMETHONIUMIPRATROPIUMACECLIDINE,1
Genes.CHRM3.SUXAMETHONIUMIPRATROPIUMACECLIDINEACLIDINIUM BROMIDE,1
Genes.CHRM3.SUXAMETHONIUMIPRATROPIUMACECLIDINEACLIDINIUM BROMIDEMETHSCOPOLAMINE,1
Genes.CHRM3.SUXAMETHONIUMIPRATROPIUMACECLIDINEACLIDINIUM BROMIDEMETHSCOPOLAMINETOLTERODINE,1
Genes.CHRM3.SUXAMETHONIUMIPRATROPIUMACECLIDINEACLIDINIUM BROMIDEMETHSCOPOLAMINETOLTERODINETIOTROPIUM,1
Genes.CHRM3.SUXAMETHONIUMIPRATROPIUMACECLIDINEACLIDINIUM BROMIDEMETHSCOPOLAMINETOLTERODINETIOTROPIUMSOLIFENACIN,1
Genes.CHRM3.SUXAMETHONIUMIPRATROPIUMACECLIDINEACLIDINIUM BROMIDEMETHSCOPOLAMINETOLTERODINETIOTROPIUMSOLIFENACINCEVIMELINE,1
Genes.CHRM3.SUXAMETHONIUMIPRATROPIUMACECLIDINEACLIDINIUM BROMIDEMETHSCOPOLAMINETOLTERODINETIOTROPIUMSOLIFENACINCEVIMELINETARAFENACIN,1
Genes.CHRM3.SUXAMETHONIUMIPRATROPIUMACECLIDINEACLIDINIUM BROMIDEMETHSCOPOLAMINETOLTERODINETIOTROPIUMSOLIFENACINCEVIMELINETARAFENACINDARIFENACIN,1
Genes.CSF2RB.TAGRAXOFUSP,2
Genes.CSF2RB.TAGRAXOFUSPTALACOTUZUMAB,2
Genes.CSF2RB.TAGRAXOFUSPTALACOTUZUMABLERIDISTIM,1
Genes.LTF.TALACTOFERRIN ALFA,1
Genes.LTF.TALACTOFERRIN ALFAPARECOXIB,1
Genes.PIK3CA.TASELISIB,2
Genes.PIK3CA.TASELISIBINK-1117,2
Genes.PIK3CA.TASELISIBINK-1117SAMOTOLISIB,2
Genes.PIK3CA.TASELISIBINK-1117SAMOTOLISIBALPELISIB,1
Genes.PIK3CA.TASELISIBINK-1117SAMOTOLISIBALPELISIBBUPARLISIB,4
Genes.PIK3CA.TASELISIBINK-1117SAMOTOLISIBALPELISIBBUPARLISIBSERABELISIB,1
Genes.PIK3CA.TASELISIBINK-1117SAMOTOLISIBALPELISIBBUPARLISIBSERABELISIBPA-799,4
Genes.S100A9.TASQUINIMOD,1
Genes.S100A9.TASQUINIMODPAQUINIMOD,1
Genes.ALOX5.TEPOXALIN,1
Genes.ALOX5.TEPOXALINTENIDAP,1
Genes.ALOX5.TEPOXALINTENIDAPTIPELUKAST,1
Genes.ALOX5.TEPOXALINTENIDAPTIPELUKASTDIETHYLCARBAMAZINE,1
Genes.ALOX5.TEPOXALINTENIDAPTIPELUKASTDIETHYLCARBAMAZINEATRELEUTON,1
Genes.ALOX5.TEPOXALINTENIDAPTIPELUKASTDIETHYLCARBAMAZINEATRELEUTONPF-4191834,1
Genes.ALOX5.TEPOXALINTENIDAPTIPELUKASTDIETHYLCARBAMAZINEATRELEUTONPF-4191834DARBUFELONE,2
Genes.ALOX5.TEPOXALINTENIDAPTIPELUKASTDIETHYLCARBAMAZINEATRELEUTONPF-4191834DARBUFELONEZILEUTON,1
Genes.ALOX5.TEPOXALINTENIDAPTIPELUKASTDIETHYLCARBAMAZINEATRELEUTONPF-4191834DARBUFELONEZILEUTONRILOPIROX,1
Genes.ALOX5.TEPOXALINTENIDAPTIPELUKASTDIETHYLCARBAMAZINEATRELEUTONPF-4191834DARBUFELONEZILEUTONRILOPIROXSILYBIN A,1
Genes.SP1.TERAMEPROCOL,1
Genes.CDA.TETRAHYDROURIDINE,1
Genes.CFTR.TEZACAFTOR,1
Genes.CFTR.TEZACAFTORIOWH-032,1
Genes.CFTR.TEZACAFTORIOWH-032CROFELEMER,1
Genes.CFTR.TEZACAFTORIOWH-032CROFELEMERIVACAFTOR,1
Genes.CFTR.TEZACAFTORIOWH-032CROFELEMERIVACAFTORLUMACAFTOR,1
Genes.CFTR.TEZACAFTORIOWH-032CROFELEMERIVACAFTORLUMACAFTORGALICAFTOR,1
Genes.PTAFR.TICLOPIDINE,1
Genes.PTAFR.TICLOPIDINERUPATADINE,1
Genes.PTAFR.TICLOPIDINERUPATADINEDERSALAZINE,1
Genes.PTAFR.TICLOPIDINERUPATADINEDERSALAZINEISRAPAFANT,1
Genes.PTAFR.TICLOPIDINERUPATADINEDERSALAZINEISRAPAFANTLEXIPAFANT,1
Genes.PRTN3.TIPRELESTAT,1
Genes.TLR2.TOMARALIMAB,1
Genes.ESR1.TOREMIFENE,1
Genes.ESR1.TOREMIFENEAZD-9496,1
Genes.ESR1.TOREMIFENEAZD-9496BRILANESTRANT,1
Genes.ESR1.TOREMIFENEAZD-9496BRILANESTRANTQUINESTROL,1
Genes.ESR1.TOREMIFENEAZD-9496BRILANESTRANTQUINESTROLLASOFOXIFENE,1
Genes.ESR1.TOREMIFENEAZD-9496BRILANESTRANTQUINESTROLLASOFOXIFENEDIENESTROL,1
Genes.ESR1.TOREMIFENEAZD-9496BRILANESTRANTQUINESTROLLASOFOXIFENEDIENESTROLGTX-758,1
Genes.ESR1.TOREMIFENEAZD-9496BRILANESTRANTQUINESTROLLASOFOXIFENEDIENESTROLGTX-758CENESTIN,1
Genes.ESR1.TOREMIFENEAZD-9496BRILANESTRANTQUINESTROLLASOFOXIFENEDIENESTROLGTX-758CENESTINCYCLOFENIL,1
Genes.ESR1.TOREMIFENEAZD-9496BRILANESTRANTQUINESTROLLASOFOXIFENEDIENESTROLGTX-758CENESTINCYCLOFENILGESTRINONE,1
Genes.ESR1.TOREMIFENEAZD-9496BRILANESTRANTQUINESTROLLASOFOXIFENEDIENESTROLGTX-758CENESTINCYCLOFENILGESTRINONEBAZEDOXIFENE,1
Genes.ESR1.TOREMIFENEAZD-9496BRILANESTRANTQUINESTROLLASOFOXIFENEDIENESTROLGTX-758CENESTINCYCLOFENILGESTRINONEBAZEDOXIFENEDIETHYLSTILBESTROL,1
Genes.ESR1.TOREMIFENEAZD-9496BRILANESTRANTQUINESTROLLASOFOXIFENEDIENESTROLGTX-758CENESTINCYCLOFENILGESTRINONEBAZEDOXIFENEDIETHYLSTILBESTROLMITOTANE,1
Genes.ESR1.TOREMIFENEAZD-9496BRILANESTRANTQUINESTROLLASOFOXIFENEDIENESTROLGTX-758CENESTINCYCLOFENILGESTRINONEBAZEDOXIFENEDIETHYLSTILBESTROLMITOTANEESTROGEN,1
Genes.ESR1.TOREMIFENEAZD-9496BRILANESTRANTQUINESTROLLASOFOXIFENEDIENESTROLGTX-758CENESTINCYCLOFENILGESTRINONEBAZEDOXIFENEDIETHYLSTILBESTROLMITOTANEESTROGENCLOMIPHENE,1
Genes.ESR1.TOREMIFENEAZD-9496BRILANESTRANTQUINESTROLLASOFOXIFENEDIENESTROLGTX-758CENESTINCYCLOFENILGESTRINONEBAZEDOXIFENEDIETHYLSTILBESTROLMITOTANEESTROGENCLOMIPHENEESTROPIPATE,1
Genes.ESR1.TOREMIFENEAZD-9496BRILANESTRANTQUINESTROLLASOFOXIFENEDIENESTROLGTX-758CENESTINCYCLOFENILGESTRINONEBAZEDOXIFENEDIETHYLSTILBESTROLMITOTANEESTROGENCLOMIPHENEESTROPIPATEELACESTRANT,1
Genes.ESR1.TOREMIFENEAZD-9496BRILANESTRANTQUINESTROLLASOFOXIFENEDIENESTROLGTX-758CENESTINCYCLOFENILGESTRINONEBAZEDOXIFENEDIETHYLSTILBESTROLMITOTANEESTROGENCLOMIPHENEESTROPIPATEELACESTRANTCHF4227,1
Genes.ESR1.TOREMIFENEAZD-9496BRILANESTRANTQUINESTROLLASOFOXIFENEDIENESTROLGTX-758CENESTINCYCLOFENILGESTRINONEBAZEDOXIFENEDIETHYLSTILBESTROLMITOTANEESTROGENCLOMIPHENEESTROPIPATEELACESTRANTCHF4227MESTRANOL,1
Genes.ESR1.TOREMIFENEAZD-9496BRILANESTRANTQUINESTROLLASOFOXIFENEDIENESTROLGTX-758CENESTINCYCLOFENILGESTRINONEBAZEDOXIFENEDIETHYLSTILBESTROLMITOTANEESTROGENCLOMIPHENEESTROPIPATEELACESTRANTCHF4227MESTRANOLFULVESTRANT,1
Genes.ESR1.TOREMIFENEAZD-9496BRILANESTRANTQUINESTROLLASOFOXIFENEDIENESTROLGTX-758CENESTINCYCLOFENILGESTRINONEBAZEDOXIFENEDIETHYLSTILBESTROLMITOTANEESTROGENCLOMIPHENEESTROPIPATEELACESTRANTCHF4227MESTRANOLFULVESTRANTPROMESTRIENE,1
Genes.ESR1.TOREMIFENEAZD-9496BRILANESTRANTQUINESTROLLASOFOXIFENEDIENESTROLGTX-758CENESTINCYCLOFENILGESTRINONEBAZEDOXIFENEDIETHYLSTILBESTROLMITOTANEESTROGENCLOMIPHENEESTROPIPATEELACESTRANTCHF4227MESTRANOLFULVESTRANTPROMESTRIENEDIETHYLSTILBESTROL DIPHOSPHATE,1
Genes.ESR1.TOREMIFENEAZD-9496BRILANESTRANTQUINESTROLLASOFOXIFENEDIENESTROLGTX-758CENESTINCYCLOFENILGESTRINONEBAZEDOXIFENEDIETHYLSTILBESTROLMITOTANEESTROGENCLOMIPHENEESTROPIPATEELACESTRANTCHF4227MESTRANOLFULVESTRANTPROMESTRIENEDIETHYLSTILBESTROL DIPHOSPHATEESTRADIOL,1
Genes.ESR1.TOREMIFENEAZD-9496BRILANESTRANTQUINESTROLLASOFOXIFENEDIENESTROLGTX-758CENESTINCYCLOFENILGESTRINONEBAZEDOXIFENEDIETHYLSTILBESTROLMITOTANEESTROGENCLOMIPHENEESTROPIPATEELACESTRANTCHF4227MESTRANOLFULVESTRANTPROMESTRIENEDIETHYLSTILBESTROL DIPHOSPHATEESTRADIOLACOLBIFENE,1
Genes.ESR1.TOREMIFENEAZD-9496BRILANESTRANTQUINESTROLLASOFOXIFENEDIENESTROLGTX-758CENESTINCYCLOFENILGESTRINONEBAZEDOXIFENEDIETHYLSTILBESTROLMITOTANEESTROGENCLOMIPHENEESTROPIPATEELACESTRANTCHF4227MESTRANOLFULVESTRANTPROMESTRIENEDIETHYLSTILBESTROL DIPHOSPHATEESTRADIOLACOLBIFENEOSPEMIFENE,1
Genes.ESR1.TOREMIFENEAZD-9496BRILANESTRANTQUINESTROLLASOFOXIFENEDIENESTROLGTX-758CENESTINCYCLOFENILGESTRINONEBAZEDOXIFENEDIETHYLSTILBESTROLMITOTANEESTROGENCLOMIPHENEESTROPIPATEELACESTRANTCHF4227MESTRANOLFULVESTRANTPROMESTRIENEDIETHYLSTILBESTROL DIPHOSPHATEESTRADIOLACOLBIFENEOSPEMIFENEESTRONE,1
Genes.ESR1.TOREMIFENEAZD-9496BRILANESTRANTQUINESTROLLASOFOXIFENEDIENESTROLGTX-758CENESTINCYCLOFENILGESTRINONEBAZEDOXIFENEDIETHYLSTILBESTROLMITOTANEESTROGENCLOMIPHENEESTROPIPATEELACESTRANTCHF4227MESTRANOLFULVESTRANTPROMESTRIENEDIETHYLSTILBESTROL DIPHOSPHATEESTRADIOLACOLBIFENEOSPEMIFENEESTRONEESTETROL,1
Genes.ESR1.TOREMIFENEAZD-9496BRILANESTRANTQUINESTROLLASOFOXIFENEDIENESTROLGTX-758CENESTINCYCLOFENILGESTRINONEBAZEDOXIFENEDIETHYLSTILBESTROLMITOTANEESTROGENCLOMIPHENEESTROPIPATEELACESTRANTCHF4227MESTRANOLFULVESTRANTPROMESTRIENEDIETHYLSTILBESTROL DIPHOSPHATEESTRADIOLACOLBIFENEOSPEMIFENEESTRONEESTETROLTAMOXIFEN,1
Genes.ESR1.TOREMIFENEAZD-9496BRILANESTRANTQUINESTROLLASOFOXIFENEDIENESTROLGTX-758CENESTINCYCLOFENILGESTRINONEBAZEDOXIFENEDIETHYLSTILBESTROLMITOTANEESTROGENCLOMIPHENEESTROPIPATEELACESTRANTCHF4227MESTRANOLFULVESTRANTPROMESTRIENEDIETHYLSTILBESTROL DIPHOSPHATEESTRADIOLACOLBIFENEOSPEMIFENEESTRONEESTETROLTAMOXIFENCHLOROTRIANISENE,1
Genes.ESR1.TOREMIFENEAZD-9496BRILANESTRANTQUINESTROLLASOFOXIFENEDIENESTROLGTX-758CENESTINCYCLOFENILGESTRINONEBAZEDOXIFENEDIETHYLSTILBESTROLMITOTANEESTROGENCLOMIPHENEESTROPIPATEELACESTRANTCHF4227MESTRANOLFULVESTRANTPROMESTRIENEDIETHYLSTILBESTROL DIPHOSPHATEESTRADIOLACOLBIFENEOSPEMIFENEESTRONEESTETROLTAMOXIFENCHLOROTRIANISENEAFIMOXIFENE,1
Genes.ESR1.TOREMIFENEAZD-9496BRILANESTRANTQUINESTROLLASOFOXIFENEDIENESTROLGTX-758CENESTINCYCLOFENILGESTRINONEBAZEDOXIFENEDIETHYLSTILBESTROLMITOTANEESTROGENCLOMIPHENEESTROPIPATEELACESTRANTCHF4227MESTRANOLFULVESTRANTPROMESTRIENEDIETHYLSTILBESTROL DIPHOSPHATEESTRADIOLACOLBIFENEOSPEMIFENEESTRONEESTETROLTAMOXIFENCHLOROTRIANISENEAFIMOXIFENEENDOXIFEN,1
Genes.ESR1.TOREMIFENEAZD-9496BRILANESTRANTQUINESTROLLASOFOXIFENEDIENESTROLGTX-758CENESTINCYCLOFENILGESTRINONEBAZEDOXIFENEDIETHYLSTILBESTROLMITOTANEESTROGENCLOMIPHENEESTROPIPATEELACESTRANTCHF4227MESTRANOLFULVESTRANTPROMESTRIENEDIETHYLSTILBESTROL DIPHOSPHATEESTRADIOLACOLBIFENEOSPEMIFENEESTRONEESTETROLTAMOXIFENCHLOROTRIANISENEAFIMOXIFENEENDOXIFENRALOXIFENE,1
Genes.ESR1.TOREMIFENEAZD-9496BRILANESTRANTQUINESTROLLASOFOXIFENEDIENESTROLGTX-758CENESTINCYCLOFENILGESTRINONEBAZEDOXIFENEDIETHYLSTILBESTROLMITOTANEESTROGENCLOMIPHENEESTROPIPATEELACESTRANTCHF4227MESTRANOLFULVESTRANTPROMESTRIENEDIETHYLSTILBESTROL DIPHOSPHATEESTRADIOLACOLBIFENEOSPEMIFENEESTRONEESTETROLTAMOXIFENCHLOROTRIANISENEAFIMOXIFENEENDOXIFENRALOXIFENEDANAZOL,1
Genes.ESR1.TOREMIFENEAZD-9496BRILANESTRANTQUINESTROLLASOFOXIFENEDIENESTROLGTX-758CENESTINCYCLOFENILGESTRINONEBAZEDOXIFENEDIETHYLSTILBESTROLMITOTANEESTROGENCLOMIPHENEESTROPIPATEELACESTRANTCHF4227MESTRANOLFULVESTRANTPROMESTRIENEDIETHYLSTILBESTROL DIPHOSPHATEESTRADIOLACOLBIFENEOSPEMIFENEESTRONEESTETROLTAMOXIFENCHLOROTRIANISENEAFIMOXIFENEENDOXIFENRALOXIFENEDANAZOLARZOXIFENE,1
Genes.ESR1.TOREMIFENEAZD-9496BRILANESTRANTQUINESTROLLASOFOXIFENEDIENESTROLGTX-758CENESTINCYCLOFENILGESTRINONEBAZEDOXIFENEDIETHYLSTILBESTROLMITOTANEESTROGENCLOMIPHENEESTROPIPATEELACESTRANTCHF4227MESTRANOLFULVESTRANTPROMESTRIENEDIETHYLSTILBESTROL DIPHOSPHATEESTRADIOLACOLBIFENEOSPEMIFENEESTRONEESTETROLTAMOXIFENCHLOROTRIANISENEAFIMOXIFENEENDOXIFENRALOXIFENEDANAZOLARZOXIFENEICARITIN,1
Genes.ESR1.TOREMIFENEAZD-9496BRILANESTRANTQUINESTROLLASOFOXIFENEDIENESTROLGTX-758CENESTINCYCLOFENILGESTRINONEBAZEDOXIFENEDIETHYLSTILBESTROLMITOTANEESTROGENCLOMIPHENEESTROPIPATEELACESTRANTCHF4227MESTRANOLFULVESTRANTPROMESTRIENEDIETHYLSTILBESTROL DIPHOSPHATEESTRADIOLACOLBIFENEOSPEMIFENEESTRONEESTETROLTAMOXIFENCHLOROTRIANISENEAFIMOXIFENEENDOXIFENRALOXIFENEDANAZOLARZOXIFENEICARITINESTRIOL,1
Genes.PGR.TOSAGESTIN,1
Genes.PGR.TOSAGESTINETONOGESTREL,1
Genes.PGR.TOSAGESTINETONOGESTRELONAPRISTONE,1
Genes.PGR.TOSAGESTINETONOGESTRELONAPRISTONEPROGESTERONE,1
Genes.PGR.TOSAGESTINETONOGESTRELONAPRISTONEPROGESTERONEDESOGESTREL,1
Genes.PGR.TOSAGESTINETONOGESTRELONAPRISTONEPROGESTERONEDESOGESTRELULIPRISTAL,1
Genes.PGR.TOSAGESTINETONOGESTRELONAPRISTONEPROGESTERONEDESOGESTRELULIPRISTALLEVONORGESTREL,1
Genes.PGR.TOSAGESTINETONOGESTRELONAPRISTONEPROGESTERONEDESOGESTRELULIPRISTALLEVONORGESTRELNORETHINDRONE,1
Genes.PGR.TOSAGESTINETONOGESTRELONAPRISTONEPROGESTERONEDESOGESTRELULIPRISTALLEVONORGESTRELNORETHINDRONENORGESTIMATE,1
Genes.PGR.TOSAGESTINETONOGESTRELONAPRISTONEPROGESTERONEDESOGESTRELULIPRISTALLEVONORGESTRELNORETHINDRONENORGESTIMATEDYDROGESTERONE,1
Genes.PGR.TOSAGESTINETONOGESTRELONAPRISTONEPROGESTERONEDESOGESTRELULIPRISTALLEVONORGESTRELNORETHINDRONENORGESTIMATEDYDROGESTERONEMEDROXYPROGESTERONE ACETATE,1
Genes.PGR.TOSAGESTINETONOGESTRELONAPRISTONEPROGESTERONEDESOGESTRELULIPRISTALLEVONORGESTRELNORETHINDRONENORGESTIMATEDYDROGESTERONEMEDROXYPROGESTERONE ACETATEMEGESTROL,1
Genes.PGR.TOSAGESTINETONOGESTRELONAPRISTONEPROGESTERONEDESOGESTRELULIPRISTALLEVONORGESTRELNORETHINDRONENORGESTIMATEDYDROGESTERONEMEDROXYPROGESTERONE ACETATEMEGESTROLVILAPRISAN,1
Genes.FGFR2.TRAFERMIN,1
Genes.FGFR2.TRAFERMINRABEPRAZOLE SODIUM,5
Genes.FGFR2.TRAFERMINRABEPRAZOLE SODIUMPALIFERMIN,1
Genes.FGFR2.TRAFERMINRABEPRAZOLE SODIUMPALIFERMINAEE-788,2
Genes.FGFR2.TRAFERMINRABEPRAZOLE SODIUMPALIFERMINAEE-788MK-2461,6
Genes.FGFR2.TRAFERMINRABEPRAZOLE SODIUMPALIFERMINAEE-788MK-2461LY-2874455,1
Genes.MAOA.TRANYLCYPROMINE,1
Genes.MAOA.TRANYLCYPROMINEMOCLOBEMIDE,1
Genes.MAOA.TRANYLCYPROMINEMOCLOBEMIDEPIPERINE,1
Genes.MAOA.TRANYLCYPROMINEMOCLOBEMIDEPIPERINELADOSTIGIL,1
Genes.MAOA.TRANYLCYPROMINEMOCLOBEMIDEPIPERINELADOSTIGILHARMINE,2
Genes.MAOA.TRANYLCYPROMINEMOCLOBEMIDEPIPERINELADOSTIGILHARMINEPSORALEN,1
Genes.MAOA.TRANYLCYPROMINEMOCLOBEMIDEPIPERINELADOSTIGILHARMINEPSORALENISOCARBOXAZID,1
Genes.MAOA.TRANYLCYPROMINEMOCLOBEMIDEPIPERINELADOSTIGILHARMINEPSORALENISOCARBOXAZIDCLORGILINE,1
Genes.MAOA.TRANYLCYPROMINEMOCLOBEMIDEPIPERINELADOSTIGILHARMINEPSORALENISOCARBOXAZIDCLORGILINETRYPTAMINE,1
Genes.MAOA.TRANYLCYPROMINEMOCLOBEMIDEPIPERINELADOSTIGILHARMINEPSORALENISOCARBOXAZIDCLORGILINETRYPTAMINEINDANTADOL,1
Genes.FGFR3.TRAPIDIL,1
Genes.FGFR3.TRAPIDILBRIVANIB ALANINATE,1
Genes.FGFR3.TRAPIDILBRIVANIB ALANINATEVOFATAMAB,1
Genes.FGFR3.TRAPIDILBRIVANIB ALANINATEVOFATAMABRABEPRAZOLE SODIUM,5
Genes.FGFR3.TRAPIDILBRIVANIB ALANINATEVOFATAMABRABEPRAZOLE SODIUMAEE-788,2
Genes.FGFR3.TRAPIDILBRIVANIB ALANINATEVOFATAMABRABEPRAZOLE SODIUMAEE-788MK-2461,6
Genes.FGFR3.TRAPIDILBRIVANIB ALANINATEVOFATAMABRABEPRAZOLE SODIUMAEE-788MK-2461DOVITINIB,1
Genes.PTGIR.TREPROSTINIL,1
Genes.PTGIR.TREPROSTINILRALINEPAG,1
Genes.PTGIR.TREPROSTINILRALINEPAGLAROPIPRANT,2
Genes.PTGIR.TREPROSTINILRALINEPAGLAROPIPRANTESUBERAPROST,1
Genes.PTGIR.TREPROSTINILRALINEPAGLAROPIPRANTESUBERAPROSTEPOPROSTENOL,1
Genes.PTGIR.TREPROSTINILRALINEPAGLAROPIPRANTESUBERAPROSTEPOPROSTENOLMISOPROSTOL,1
Genes.PTGIR.TREPROSTINILRALINEPAGLAROPIPRANTESUBERAPROSTEPOPROSTENOLMISOPROSTOLSELEXIPAG,1
Genes.PTPN1.TRODUSQUEMINE,1
Genes.MAPK3.ULIXERTINIB,2
Genes.MAPK3.ULIXERTINIBRAVOXERTINIB,2
Genes.PTK2B.UPADACITINIB,2
Genes.PTK2B.UPADACITINIBBARICITINIB,3
Genes.PTK2B.UPADACITINIBBARICITINIBTESEVATINIB,1
Genes.PTK2B.UPADACITINIBBARICITINIBTESEVATINIBPEFICITINIB,2
Genes.PTK2B.UPADACITINIBBARICITINIBTESEVATINIBPEFICITINIBMASITINIB,2
Genes.PTK2B.UPADACITINIBBARICITINIBTESEVATINIBPEFICITINIBMASITINIBABROCITINIB,1
Genes.TGFB1.VACTOSERTIB,1
Genes.TGFB1.VACTOSERTIBPIRFENIDONE,1
Genes.TGFB1.VACTOSERTIBPIRFENIDONENIS-793,1
Genes.TGFB1.VACTOSERTIBPIRFENIDONENIS-793M-7824,1
Genes.TGFB1.VACTOSERTIBPIRFENIDONENIS-793M-7824SOTATERCEPT,1
Genes.TGFB1.VACTOSERTIBPIRFENIDONENIS-793M-7824SOTATERCEPTDISITERTIDE,1
Genes.CD33.VADASTUXIMAB TALIRINE,1
Genes.CD33.VADASTUXIMAB TALIRINEAMV-564,1
Genes.NFKB2.VADIMEZAN,1
Genes.NFKB2.VADIMEZANTRIPTOLIDE,1
Genes.NFKB2.VADIMEZANTRIPTOLIDEBORTEZOMIB,1
Genes.NFKB2.VADIMEZANTRIPTOLIDEBORTEZOMIBLAQUINIMOD,1
Genes.NFKB2.VADIMEZANTRIPTOLIDEBORTEZOMIBLAQUINIMODPARTHENOLIDE,2
Genes.NFKB2.VADIMEZANTRIPTOLIDEBORTEZOMIBLAQUINIMODPARTHENOLIDEEDASALONEXENT,1
Genes.NFKB2.VADIMEZANTRIPTOLIDEBORTEZOMIBLAQUINIMODPARTHENOLIDEEDASALONEXENTSULFASALAZINE,1
Genes.PTGS2.VALDECOXIB,1
Genes.PTGS2.VALDECOXIBIBUPROFEN,4
Genes.PTGS2.VALDECOXIBIBUPROFENFLURBIPROFEN,1
Genes.PTGS2.VALDECOXIBIBUPROFENFLURBIPROFENCURCUMIN,5
Genes.PTGS2.VALDECOXIBIBUPROFENFLURBIPROFENCURCUMINIMRECOXIB,1
Genes.PTGS2.VALDECOXIBIBUPROFENFLURBIPROFENCURCUMINIMRECOXIBRWJ-67657,1
Genes.PTGS2.VALDECOXIBIBUPROFENFLURBIPROFENCURCUMINIMRECOXIBRWJ-67657INDOMETHACIN,1
Genes.PTGS2.VALDECOXIBIBUPROFENFLURBIPROFENCURCUMINIMRECOXIBRWJ-67657INDOMETHACINDIFLUNISAL,1
Genes.PTGS2.VALDECOXIBIBUPROFENFLURBIPROFENCURCUMINIMRECOXIBRWJ-67657INDOMETHACINDIFLUNISALKETOPROFEN,1
Genes.PTGS2.VALDECOXIBIBUPROFENFLURBIPROFENCURCUMINIMRECOXIBRWJ-67657INDOMETHACINDIFLUNISALKETOPROFENNABUMETONE,1
Genes.PTGS2.VALDECOXIBIBUPROFENFLURBIPROFENCURCUMINIMRECOXIBRWJ-67657INDOMETHACINDIFLUNISALKETOPROFENNABUMETONEFENBUFEN,1
Genes.PTGS2.VALDECOXIBIBUPROFENFLURBIPROFENCURCUMINIMRECOXIBRWJ-67657INDOMETHACINDIFLUNISALKETOPROFENNABUMETONEFENBUFENDARBUFELONE,2
Genes.PTGS2.VALDECOXIBIBUPROFENFLURBIPROFENCURCUMINIMRECOXIBRWJ-67657INDOMETHACINDIFLUNISALKETOPROFENNABUMETONEFENBUFENDARBUFELONECARPROFEN,1
Genes.PTGS2.VALDECOXIBIBUPROFENFLURBIPROFENCURCUMINIMRECOXIBRWJ-67657INDOMETHACINDIFLUNISALKETOPROFENNABUMETONEFENBUFENDARBUFELONECARPROFENNAPROXEN,1
Genes.PTGS2.VALDECOXIBIBUPROFENFLURBIPROFENCURCUMINIMRECOXIBRWJ-67657INDOMETHACINDIFLUNISALKETOPROFENNABUMETONEFENBUFENDARBUFELONECARPROFENNAPROXENPHENYLBUTAZONE,1
Genes.PTGS2.VALDECOXIBIBUPROFENFLURBIPROFENCURCUMINIMRECOXIBRWJ-67657INDOMETHACINDIFLUNISALKETOPROFENNABUMETONEFENBUFENDARBUFELONECARPROFENNAPROXENPHENYLBUTAZONEROFECOXIB,1
Genes.PTGS2.VALDECOXIBIBUPROFENFLURBIPROFENCURCUMINIMRECOXIBRWJ-67657INDOMETHACINDIFLUNISALKETOPROFENNABUMETONEFENBUFENDARBUFELONECARPROFENNAPROXENPHENYLBUTAZONEROFECOXIBETORICOXIB,1
Genes.PTGS2.VALDECOXIBIBUPROFENFLURBIPROFENCURCUMINIMRECOXIBRWJ-67657INDOMETHACINDIFLUNISALKETOPROFENNABUMETONEFENBUFENDARBUFELONECARPROFENNAPROXENPHENYLBUTAZONEROFECOXIBETORICOXIBCIMICOXIB,1
Genes.PTGS2.VALDECOXIBIBUPROFENFLURBIPROFENCURCUMINIMRECOXIBRWJ-67657INDOMETHACINDIFLUNISALKETOPROFENNABUMETONEFENBUFENDARBUFELONECARPROFENNAPROXENPHENYLBUTAZONEROFECOXIBETORICOXIBCIMICOXIBTOLMETIN,1
Genes.PTGS2.VALDECOXIBIBUPROFENFLURBIPROFENCURCUMINIMRECOXIBRWJ-67657INDOMETHACINDIFLUNISALKETOPROFENNABUMETONEFENBUFENDARBUFELONECARPROFENNAPROXENPHENYLBUTAZONEROFECOXIBETORICOXIBCIMICOXIBTOLMETINCELECOXIB,1
Genes.PTGS2.VALDECOXIBIBUPROFENFLURBIPROFENCURCUMINIMRECOXIBRWJ-67657INDOMETHACINDIFLUNISALKETOPROFENNABUMETONEFENBUFENDARBUFELONECARPROFENNAPROXENPHENYLBUTAZONEROFECOXIBETORICOXIBCIMICOXIBTOLMETINCELECOXIBMELOXICAM,1
Genes.PTGS2.VALDECOXIBIBUPROFENFLURBIPROFENCURCUMINIMRECOXIBRWJ-67657INDOMETHACINDIFLUNISALKETOPROFENNABUMETONEFENBUFENDARBUFELONECARPROFENNAPROXENPHENYLBUTAZONEROFECOXIBETORICOXIBCIMICOXIBTOLMETINCELECOXIBMELOXICAMTENOXICAM,1
Genes.PTGS2.VALDECOXIBIBUPROFENFLURBIPROFENCURCUMINIMRECOXIBRWJ-67657INDOMETHACINDIFLUNISALKETOPROFENNABUMETONEFENBUFENDARBUFELONECARPROFENNAPROXENPHENYLBUTAZONEROFECOXIBETORICOXIBCIMICOXIBTOLMETINCELECOXIBMELOXICAMTENOXICAMPOLMACOXIB,2
Genes.PTGS2.VALDECOXIBIBUPROFENFLURBIPROFENCURCUMINIMRECOXIBRWJ-67657INDOMETHACINDIFLUNISALKETOPROFENNABUMETONEFENBUFENDARBUFELONECARPROFENNAPROXENPHENYLBUTAZONEROFECOXIBETORICOXIBCIMICOXIBTOLMETINCELECOXIBMELOXICAMTENOXICAMPOLMACOXIBETODOLAC,1
Genes.PTGS2.VALDECOXIBIBUPROFENFLURBIPROFENCURCUMINIMRECOXIBRWJ-67657INDOMETHACINDIFLUNISALKETOPROFENNABUMETONEFENBUFENDARBUFELONECARPROFENNAPROXENPHENYLBUTAZONEROFECOXIBETORICOXIBCIMICOXIBTOLMETINCELECOXIBMELOXICAMTENOXICAMPOLMACOXIBETODOLACLUMIRACOXIB,1
Genes.EGFR.VANDETANIB,2
Genes.EGFR.VANDETANIBPANITUMUMAB,1
Genes.EGFR.VANDETANIBPANITUMUMABDEPATUXIZUMAB,1
Genes.EGFR.VANDETANIBPANITUMUMABDEPATUXIZUMABVARLITINIB,2
Genes.EGFR.VANDETANIBPANITUMUMABDEPATUXIZUMABVARLITINIBLAPATINIB,2
Genes.EGFR.VANDETANIBPANITUMUMABDEPATUXIZUMABVARLITINIBLAPATINIBBMS-690514,2
Genes.EGFR.VANDETANIBPANITUMUMABDEPATUXIZUMABVARLITINIBLAPATINIBBMS-690514CETUXIMAB,1
Genes.EGFR.VANDETANIBPANITUMUMABDEPATUXIZUMABVARLITINIBLAPATINIBBMS-690514CETUXIMABCUDC-101,2
Genes.EGFR.VANDETANIBPANITUMUMABDEPATUXIZUMABVARLITINIBLAPATINIBBMS-690514CETUXIMABCUDC-101NITROGLYCERIN,1
Genes.EGFR.VANDETANIBPANITUMUMABDEPATUXIZUMABVARLITINIBLAPATINIBBMS-690514CETUXIMABCUDC-101NITROGLYCERINNECITUMUMAB,1
Genes.EGFR.VANDETANIBPANITUMUMABDEPATUXIZUMABVARLITINIBLAPATINIBBMS-690514CETUXIMABCUDC-101NITROGLYCERINNECITUMUMABDULIGOTUZUMAB,2
Genes.EGFR.VANDETANIBPANITUMUMABDEPATUXIZUMABVARLITINIBLAPATINIBBMS-690514CETUXIMABCUDC-101NITROGLYCERINNECITUMUMABDULIGOTUZUMABOSIMERTINIB,1
Genes.EGFR.VANDETANIBPANITUMUMABDEPATUXIZUMABVARLITINIBLAPATINIBBMS-690514CETUXIMABCUDC-101NITROGLYCERINNECITUMUMABDULIGOTUZUMABOSIMERTINIBALLITINIB,1
Genes.EGFR.VANDETANIBPANITUMUMABDEPATUXIZUMABVARLITINIBLAPATINIBBMS-690514CETUXIMABCUDC-101NITROGLYCERINNECITUMUMABDULIGOTUZUMABOSIMERTINIBALLITINIBDACOMITINIB,2
Genes.EGFR.VANDETANIBPANITUMUMABDEPATUXIZUMABVARLITINIBLAPATINIBBMS-690514CETUXIMABCUDC-101NITROGLYCERINNECITUMUMABDULIGOTUZUMABOSIMERTINIBALLITINIBDACOMITINIBDEPATUXIZUMAB MAFODOTIN,1
Genes.EGFR.VANDETANIBPANITUMUMABDEPATUXIZUMABVARLITINIBLAPATINIBBMS-690514CETUXIMABCUDC-101NITROGLYCERINNECITUMUMABDULIGOTUZUMABOSIMERTINIBALLITINIBDACOMITINIBDEPATUXIZUMAB MAFODOTINS-222611,2
Genes.EGFR.VANDETANIBPANITUMUMABDEPATUXIZUMABVARLITINIBLAPATINIBBMS-690514CETUXIMABCUDC-101NITROGLYCERINNECITUMUMABDULIGOTUZUMABOSIMERTINIBALLITINIBDACOMITINIBDEPATUXIZUMAB MAFODOTINS-222611FUTUXIMAB,1
Genes.EGFR.VANDETANIBPANITUMUMABDEPATUXIZUMABVARLITINIBLAPATINIBBMS-690514CETUXIMABCUDC-101NITROGLYCERINNECITUMUMABDULIGOTUZUMABOSIMERTINIBALLITINIBDACOMITINIBDEPATUXIZUMAB MAFODOTINS-222611FUTUXIMABVATALANIB,1
Genes.EGFR.VANDETANIBPANITUMUMABDEPATUXIZUMABVARLITINIBLAPATINIBBMS-690514CETUXIMABCUDC-101NITROGLYCERINNECITUMUMABDULIGOTUZUMABOSIMERTINIBALLITINIBDACOMITINIBDEPATUXIZUMAB MAFODOTINS-222611FUTUXIMABVATALANIBMATUZUMAB,1
Genes.EGFR.VANDETANIBPANITUMUMABDEPATUXIZUMABVARLITINIBLAPATINIBBMS-690514CETUXIMABCUDC-101NITROGLYCERINNECITUMUMABDULIGOTUZUMABOSIMERTINIBALLITINIBDACOMITINIBDEPATUXIZUMAB MAFODOTINS-222611FUTUXIMABVATALANIBMATUZUMABLY-3164530,2
Genes.EGFR.VANDETANIBPANITUMUMABDEPATUXIZUMABVARLITINIBLAPATINIBBMS-690514CETUXIMABCUDC-101NITROGLYCERINNECITUMUMABDULIGOTUZUMABOSIMERTINIBALLITINIBDACOMITINIBDEPATUXIZUMAB MAFODOTINS-222611FUTUXIMABVATALANIBMATUZUMABLY-3164530ROCILETINIB,1
Genes.EGFR.VANDETANIBPANITUMUMABDEPATUXIZUMABVARLITINIBLAPATINIBBMS-690514CETUXIMABCUDC-101NITROGLYCERINNECITUMUMABDULIGOTUZUMABOSIMERTINIBALLITINIBDACOMITINIBDEPATUXIZUMAB MAFODOTINS-222611FUTUXIMABVATALANIBMATUZUMABLY-3164530ROCILETINIBPELITINIB,1
Genes.EGFR.VANDETANIBPANITUMUMABDEPATUXIZUMABVARLITINIBLAPATINIBBMS-690514CETUXIMABCUDC-101NITROGLYCERINNECITUMUMABDULIGOTUZUMABOSIMERTINIBALLITINIBDACOMITINIBDEPATUXIZUMAB MAFODOTINS-222611FUTUXIMABVATALANIBMATUZUMABLY-3164530ROCILETINIBPELITINIBGEFITINIB,1
Genes.EGFR.VANDETANIBPANITUMUMABDEPATUXIZUMABVARLITINIBLAPATINIBBMS-690514CETUXIMABCUDC-101NITROGLYCERINNECITUMUMABDULIGOTUZUMABOSIMERTINIBALLITINIBDACOMITINIBDEPATUXIZUMAB MAFODOTINS-222611FUTUXIMABVATALANIBMATUZUMABLY-3164530ROCILETINIBPELITINIBGEFITINIBZALUTUMUMAB,1
Genes.EGFR.VANDETANIBPANITUMUMABDEPATUXIZUMABVARLITINIBLAPATINIBBMS-690514CETUXIMABCUDC-101NITROGLYCERINNECITUMUMABDULIGOTUZUMABOSIMERTINIBALLITINIBDACOMITINIBDEPATUXIZUMAB MAFODOTINS-222611FUTUXIMABVATALANIBMATUZUMABLY-3164530ROCILETINIBPELITINIBGEFITINIBZALUTUMUMABNAQUOTINIB,1
Genes.EGFR.VANDETANIBPANITUMUMABDEPATUXIZUMABVARLITINIBLAPATINIBBMS-690514CETUXIMABCUDC-101NITROGLYCERINNECITUMUMABDULIGOTUZUMABOSIMERTINIBALLITINIBDACOMITINIBDEPATUXIZUMAB MAFODOTINS-222611FUTUXIMABVATALANIBMATUZUMABLY-3164530ROCILETINIBPELITINIBGEFITINIBZALUTUMUMABNAQUOTINIBERLOTINIB,1
Genes.EGFR.VANDETANIBPANITUMUMABDEPATUXIZUMABVARLITINIBLAPATINIBBMS-690514CETUXIMABCUDC-101NITROGLYCERINNECITUMUMABDULIGOTUZUMABOSIMERTINIBALLITINIBDACOMITINIBDEPATUXIZUMAB MAFODOTINS-222611FUTUXIMABVATALANIBMATUZUMABLY-3164530ROCILETINIBPELITINIBGEFITINIBZALUTUMUMABNAQUOTINIBERLOTINIBCHEMBL219557,3
Genes.EGFR.VANDETANIBPANITUMUMABDEPATUXIZUMABVARLITINIBLAPATINIBBMS-690514CETUXIMABCUDC-101NITROGLYCERINNECITUMUMABDULIGOTUZUMABOSIMERTINIBALLITINIBDACOMITINIBDEPATUXIZUMAB MAFODOTINS-222611FUTUXIMABVATALANIBMATUZUMABLY-3164530ROCILETINIBPELITINIBGEFITINIBZALUTUMUMABNAQUOTINIBERLOTINIBCHEMBL219557CANERTINIB,3
Genes.EGFR.VANDETANIBPANITUMUMABDEPATUXIZUMABVARLITINIBLAPATINIBBMS-690514CETUXIMABCUDC-101NITROGLYCERINNECITUMUMABDULIGOTUZUMABOSIMERTINIBALLITINIBDACOMITINIBDEPATUXIZUMAB MAFODOTINS-222611FUTUXIMABVATALANIBMATUZUMABLY-3164530ROCILETINIBPELITINIBGEFITINIBZALUTUMUMABNAQUOTINIBERLOTINIBCHEMBL219557CANERTINIBCETUXIMAB SAROTALOCAN,1
Genes.EGFR.VANDETANIBPANITUMUMABDEPATUXIZUMABVARLITINIBLAPATINIBBMS-690514CETUXIMABCUDC-101NITROGLYCERINNECITUMUMABDULIGOTUZUMABOSIMERTINIBALLITINIBDACOMITINIBDEPATUXIZUMAB MAFODOTINS-222611FUTUXIMABVATALANIBMATUZUMABLY-3164530ROCILETINIBPELITINIBGEFITINIBZALUTUMUMABNAQUOTINIBERLOTINIBCHEMBL219557CANERTINIBCETUXIMAB SAROTALOCANROGARATINIB,1
Genes.EGFR.VANDETANIBPANITUMUMABDEPATUXIZUMABVARLITINIBLAPATINIBBMS-690514CETUXIMABCUDC-101NITROGLYCERINNECITUMUMABDULIGOTUZUMABOSIMERTINIBALLITINIBDACOMITINIBDEPATUXIZUMAB MAFODOTINS-222611FUTUXIMABVATALANIBMATUZUMABLY-3164530ROCILETINIBPELITINIBGEFITINIBZALUTUMUMABNAQUOTINIBERLOTINIBCHEMBL219557CANERTINIBCETUXIMAB SAROTALOCANROGARATINIBAC-480,2
Genes.EGFR.VANDETANIBPANITUMUMABDEPATUXIZUMABVARLITINIBLAPATINIBBMS-690514CETUXIMABCUDC-101NITROGLYCERINNECITUMUMABDULIGOTUZUMABOSIMERTINIBALLITINIBDACOMITINIBDEPATUXIZUMAB MAFODOTINS-222611FUTUXIMABVATALANIBMATUZUMABLY-3164530ROCILETINIBPELITINIBGEFITINIBZALUTUMUMABNAQUOTINIBERLOTINIBCHEMBL219557CANERTINIBCETUXIMAB SAROTALOCANROGARATINIBAC-480NERATINIB,2
Genes.EGFR.VANDETANIBPANITUMUMABDEPATUXIZUMABVARLITINIBLAPATINIBBMS-690514CETUXIMABCUDC-101NITROGLYCERINNECITUMUMABDULIGOTUZUMABOSIMERTINIBALLITINIBDACOMITINIBDEPATUXIZUMAB MAFODOTINS-222611FUTUXIMABVATALANIBMATUZUMABLY-3164530ROCILETINIBPELITINIBGEFITINIBZALUTUMUMABNAQUOTINIBERLOTINIBCHEMBL219557CANERTINIBCETUXIMAB SAROTALOCANROGARATINIBAC-480NERATINIBRINDOPEPIMUT,1
Genes.EGFR.VANDETANIBPANITUMUMABDEPATUXIZUMABVARLITINIBLAPATINIBBMS-690514CETUXIMABCUDC-101NITROGLYCERINNECITUMUMABDULIGOTUZUMABOSIMERTINIBALLITINIBDACOMITINIBDEPATUXIZUMAB MAFODOTINS-222611FUTUXIMABVATALANIBMATUZUMABLY-3164530ROCILETINIBPELITINIBGEFITINIBZALUTUMUMABNAQUOTINIBERLOTINIBCHEMBL219557CANERTINIBCETUXIMAB SAROTALOCANROGARATINIBAC-480NERATINIBRINDOPEPIMUTSORAFENIB,3
Genes.EGFR.VANDETANIBPANITUMUMABDEPATUXIZUMABVARLITINIBLAPATINIBBMS-690514CETUXIMABCUDC-101NITROGLYCERINNECITUMUMABDULIGOTUZUMABOSIMERTINIBALLITINIBDACOMITINIBDEPATUXIZUMAB MAFODOTINS-222611FUTUXIMABVATALANIBMATUZUMABLY-3164530ROCILETINIBPELITINIBGEFITINIBZALUTUMUMABNAQUOTINIBERLOTINIBCHEMBL219557CANERTINIBCETUXIMAB SAROTALOCANROGARATINIBAC-480NERATINIBRINDOPEPIMUTSORAFENIBJNJ-26483327,6
Genes.EGFR.VANDETANIBPANITUMUMABDEPATUXIZUMABVARLITINIBLAPATINIBBMS-690514CETUXIMABCUDC-101NITROGLYCERINNECITUMUMABDULIGOTUZUMABOSIMERTINIBALLITINIBDACOMITINIBDEPATUXIZUMAB MAFODOTINS-222611FUTUXIMABVATALANIBMATUZUMABLY-3164530ROCILETINIBPELITINIBGEFITINIBZALUTUMUMABNAQUOTINIBERLOTINIBCHEMBL219557CANERTINIBCETUXIMAB SAROTALOCANROGARATINIBAC-480NERATINIBRINDOPEPIMUTSORAFENIBJNJ-26483327FALNIDAMOL,1
Genes.RET.VANDETANIB,2
Genes.RET.VANDETANIBSITRAVATINIB,2
Genes.RET.VANDETANIBSITRAVATINIBROMIPLOSTIM,5
Genes.RET.VANDETANIBSITRAVATINIBROMIPLOSTIMPRALSETINIB,1
Genes.RET.VANDETANIBSITRAVATINIBROMIPLOSTIMPRALSETINIBPONATINIB,4
Genes.RET.VANDETANIBSITRAVATINIBROMIPLOSTIMPRALSETINIBPONATINIBREGORAFENIB,2
Genes.RET.VANDETANIBSITRAVATINIBROMIPLOSTIMPRALSETINIBPONATINIBREGORAFENIBCEP-32496,2
Genes.ERBB2.VARLITINIB,2
Genes.ERBB2.VARLITINIBLAPATINIB,2
Genes.ERBB2.VARLITINIBLAPATINIBCUDC-101,2
Genes.ERBB2.VARLITINIBLAPATINIBCUDC-101MASOPROCOL,1
Genes.ERBB2.VARLITINIBLAPATINIBCUDC-101MASOPROCOLSAPITINIB,1
Genes.ERBB2.VARLITINIBLAPATINIBCUDC-101MASOPROCOLSAPITINIBMEDI-4276,1
Genes.ERBB2.VARLITINIBLAPATINIBCUDC-101MASOPROCOLSAPITINIBMEDI-4276MM-111,1
Genes.ERBB2.VARLITINIBLAPATINIBCUDC-101MASOPROCOLSAPITINIBMEDI-4276MM-111CP-724714,1
Genes.ERBB2.VARLITINIBLAPATINIBCUDC-101MASOPROCOLSAPITINIBMEDI-4276MM-111CP-724714DACOMITINIB,2
Genes.ERBB2.VARLITINIBLAPATINIBCUDC-101MASOPROCOLSAPITINIBMEDI-4276MM-111CP-724714DACOMITINIBERTUMAXOMAB,1
Genes.ERBB2.VARLITINIBLAPATINIBCUDC-101MASOPROCOLSAPITINIBMEDI-4276MM-111CP-724714DACOMITINIBERTUMAXOMABS-222611,2
Genes.ERBB2.VARLITINIBLAPATINIBCUDC-101MASOPROCOLSAPITINIBMEDI-4276MM-111CP-724714DACOMITINIBERTUMAXOMABS-222611TUCATINIB,1
Genes.ERBB2.VARLITINIBLAPATINIBCUDC-101MASOPROCOLSAPITINIBMEDI-4276MM-111CP-724714DACOMITINIBERTUMAXOMABS-222611TUCATINIBTAK-285,1
Genes.ERBB2.VARLITINIBLAPATINIBCUDC-101MASOPROCOLSAPITINIBMEDI-4276MM-111CP-724714DACOMITINIBERTUMAXOMABS-222611TUCATINIBTAK-285ZENOCUTUZUMAB,1
Genes.ERBB2.VARLITINIBLAPATINIBCUDC-101MASOPROCOLSAPITINIBMEDI-4276MM-111CP-724714DACOMITINIBERTUMAXOMABS-222611TUCATINIBTAK-285ZENOCUTUZUMABCANERTINIB,3
Genes.ERBB2.VARLITINIBLAPATINIBCUDC-101MASOPROCOLSAPITINIBMEDI-4276MM-111CP-724714DACOMITINIBERTUMAXOMABS-222611TUCATINIBTAK-285ZENOCUTUZUMABCANERTINIBADO-TRASTUZUMAB EMTANSINE,1
Genes.ERBB2.VARLITINIBLAPATINIBCUDC-101MASOPROCOLSAPITINIBMEDI-4276MM-111CP-724714DACOMITINIBERTUMAXOMABS-222611TUCATINIBTAK-285ZENOCUTUZUMABCANERTINIBADO-TRASTUZUMAB EMTANSINEAC-480,2
Genes.ERBB2.VARLITINIBLAPATINIBCUDC-101MASOPROCOLSAPITINIBMEDI-4276MM-111CP-724714DACOMITINIBERTUMAXOMABS-222611TUCATINIBTAK-285ZENOCUTUZUMABCANERTINIBADO-TRASTUZUMAB EMTANSINEAC-480MARGETUXIMAB,1
Genes.ERBB2.VARLITINIBLAPATINIBCUDC-101MASOPROCOLSAPITINIBMEDI-4276MM-111CP-724714DACOMITINIBERTUMAXOMABS-222611TUCATINIBTAK-285ZENOCUTUZUMABCANERTINIBADO-TRASTUZUMAB EMTANSINEAC-480MARGETUXIMABNERATINIB,2
Genes.ERBB2.VARLITINIBLAPATINIBCUDC-101MASOPROCOLSAPITINIBMEDI-4276MM-111CP-724714DACOMITINIBERTUMAXOMABS-222611TUCATINIBTAK-285ZENOCUTUZUMABCANERTINIBADO-TRASTUZUMAB EMTANSINEAC-480MARGETUXIMABNERATINIBGANCOTAMAB,1
Genes.ERBB2.VARLITINIBLAPATINIBCUDC-101MASOPROCOLSAPITINIBMEDI-4276MM-111CP-724714DACOMITINIBERTUMAXOMABS-222611TUCATINIBTAK-285ZENOCUTUZUMABCANERTINIBADO-TRASTUZUMAB EMTANSINEAC-480MARGETUXIMABNERATINIBGANCOTAMABJNJ-26483327,6
Genes.ERBB2.VARLITINIBLAPATINIBCUDC-101MASOPROCOLSAPITINIBMEDI-4276MM-111CP-724714DACOMITINIBERTUMAXOMABS-222611TUCATINIBTAK-285ZENOCUTUZUMABCANERTINIBADO-TRASTUZUMAB EMTANSINEAC-480MARGETUXIMABNERATINIBGANCOTAMABJNJ-26483327TRASTUZUMAB,1
Genes.ERBB2.VARLITINIBLAPATINIBCUDC-101MASOPROCOLSAPITINIBMEDI-4276MM-111CP-724714DACOMITINIBERTUMAXOMABS-222611TUCATINIBTAK-285ZENOCUTUZUMABCANERTINIBADO-TRASTUZUMAB EMTANSINEAC-480MARGETUXIMABNERATINIBGANCOTAMABJNJ-26483327TRASTUZUMABPERTUZUMAB,1
Genes.VEGFC.VGX-100,1
Genes.HSP90B1.VIAGENPUMATUCEL-L,2
Genes.TUBB4B.VINBLASTINE,1
Genes.TUBB4B.VINBLASTINEDOLASTATIN-10,1
Genes.F2R.VORAPAXAR,1
Genes.F2R.VORAPAXARATOPAXAR,1
Genes.ROCK1.Y-39983,1
Genes.ROCK1.Y-39983AT-13148,1
Genes.ROCK1.Y-39983AT-13148NETARSUDIL,1
Genes.ROCK1.Y-39983AT-13148NETARSUDILCI-1040,9
Genes.ROCK1.Y-39983AT-13148NETARSUDILCI-1040NETARSUDIL DIMESYLATE,1
Genes.ROCK1.Y-39983AT-13148NETARSUDILCI-1040NETARSUDIL DIMESYLATEFASUDIL,1
Genes.ROCK1.Y-39983AT-13148NETARSUDILCI-1040NETARSUDIL DIMESYLATEFASUDILSAR-407899,1
Genes.ROCK1.Y-39983AT-13148NETARSUDILCI-1040NETARSUDIL DIMESYLATEFASUDILSAR-407899VEROSUDIL,1
